-- phpMyAdmin SQL Dump
-- version 4.0.4.2
-- http://www.phpmyadmin.net
--
-- Máquina: localhost
-- Data de Criação: 29-Jul-2014 às 17:56
-- Versão do servidor: 5.6.13
-- versão do PHP: 5.4.17

SET SQL_MODE = "NO_AUTO_VALUE_ON_ZERO";
SET time_zone = "+00:00";


/*!40101 SET @OLD_CHARACTER_SET_CLIENT=@@CHARACTER_SET_CLIENT */;
/*!40101 SET @OLD_CHARACTER_SET_RESULTS=@@CHARACTER_SET_RESULTS */;
/*!40101 SET @OLD_COLLATION_CONNECTION=@@COLLATION_CONNECTION */;
/*!40101 SET NAMES utf8 */;

--
-- Base de Dados: `patrimonio`
--
CREATE DATABASE IF NOT EXISTS `patrimonio` DEFAULT CHARACTER SET utf8 COLLATE utf8_general_ci;
USE `patrimonio`;

-- --------------------------------------------------------

--
-- Estrutura da tabela `andar`
--

CREATE TABLE IF NOT EXISTS `andar` (
  `id` int(10) unsigned NOT NULL AUTO_INCREMENT,
  `andar` varchar(45) NOT NULL,
  PRIMARY KEY (`id`),
  UNIQUE KEY `andar` (`andar`)
) ENGINE=InnoDB  DEFAULT CHARSET=utf8 AUTO_INCREMENT=10 ;

--
-- Extraindo dados da tabela `andar`
--

INSERT INTO `andar` (`id`, `andar`) VALUES
(7, '1º ANDAR'),
(6, '2º ANDAR'),
(5, '3º ANDAR'),
(4, '4º ANDAR'),
(3, '5º ANDAR'),
(2, '6º ANDAR'),
(9, 'SUBSOLO'),
(1, 'TERRAÇO'),
(8, 'TÉRREO');

-- --------------------------------------------------------

--
-- Estrutura da tabela `bem`
--

CREATE TABLE IF NOT EXISTS `bem` (
  `sapiens` varchar(13) NOT NULL,
  `descricao` varchar(255) DEFAULT NULL,
  `tombado` char(3) DEFAULT 'NÃO',
  PRIMARY KEY (`sapiens`)
) ENGINE=InnoDB DEFAULT CHARSET=utf8;

--
-- Extraindo dados da tabela `bem`
--

INSERT INTO `bem` (`sapiens`, `descricao`, `tombado`) VALUES
('ARM-00526-000', 'ARMÁRIO ALTO EM MDF 4 PRATELEIRA COR BRANCA', 'NÃO'),
('ARM-00527-000', 'ARMÁRIO ALTO EM MDF 4 PRATELEIRA COR BRANCA', 'NÃO'),
('ARM-00528-000', 'ARMÁRIO ALTO EM MDF 4 PRATELEIRA COR BRANCA', 'NÃO'),
('ARM-00529-000', 'ARMÁRIO ALTO EM MDF 4 PRATELEIRA COR BRANCA', 'NÃO'),
('ARM-00530-000', 'ARMÁRIO ALTO EM MDF 4 PRATELEIRA COR BRANCA', 'NÃO'),
('ARM-00531-000', 'ARMÁRIO ALTO EM MDF, 1 PRATELEIRA, 4 SUPORTES, COR BRANCA', 'NÃO'),
('ARM-00532-000', 'ARMÁRIO ALTO EM MDF 4 PRATELEIRA COR BRANCA', 'NÃO'),
('ARM-00533-000', 'ARMÁRIO ALTO EM MDF 4 PRATELEIRA COR BRANCA', 'NÃO'),
('ARM-00534-000', 'ARMÁRIO ALTO EM MDF 4 PRATELEIRA COR BRANCA', 'NÃO'),
('ARM-00535-000', 'ARMÁRIO ALTO EM MDF 4 PRATELEIRA COR BRANCA', 'NÃO'),
('ARM-00536-000', 'ARMÁRIO ALTO EM MDF 4 PRATELEIRA COR BRANCA', 'NÃO'),
('ARM-00537-000', 'ARMÁRIO ALTO EM MDF, 1 PRATELEIRA, 4 SUPORTES, COR BRANCA', 'NÃO'),
('ARM-00538-000', 'ARMÁRIO ALTO EM MDF, 1 PRATELEIRA, 4 SUPORTES, COR BRANCA', 'NÃO'),
('ARM-00539-000', 'ARMÁRIO ALTO EM MDF, 1 PRATELEIRA, 4 SUPORTES, COR BRANCA', 'NÃO'),
('ARM-00540-000', 'ARMÁRIO ALTO EM MDF, 1 PRATELEIRA, 4 SUPORTES, COR BRANCA', 'NÃO'),
('ARM-00541-000', 'ARMÁRIO ALTO EM MDF, 1 PRATELEIRA, 4 SUPORTES, COR BRANCA', 'NÃO'),
('ARM-00542-000', 'ARMÁRIO ALTO EM MDF, 1 PRATELEIRA, 4 SUPORTES, COR BRANCA', 'NÃO'),
('ARM-00543-000', 'ARMÁRIO ALTO EM MDF, 1 PRATELEIRA, 4 SUPORTES, COR BRANCA', 'NÃO'),
('ARM-00544-000', 'ARMÁRIO ALTO EM MDF, 1 PRATELEIRA, 4 SUPORTES, COR BRANCA', 'NÃO'),
('ARM-00545-000', 'ARMÁRIO ALTO EM MDF, 1 PRATELEIRA, 4 SUPORTES, COR BRANCA', 'NÃO'),
('ARM-00546-000', 'ARMÁRIO ALTO EM MDF 4 PRATELEIRA COR BRANCA', 'NÃO'),
('ARM-00547-000', 'ARMÁRIO ALTO EM MDF 4 PRATELEIRA COR BRANCA', 'NÃO'),
('ARM-00548-000', 'ARMÁRIO ALTO EM MDF 4 PRATELEIRA COR BRANCA', 'NÃO'),
('ARM-00549-000', 'ARMÁRIO ALTO EM MDF 4 PRATELEIRA COR BRANCA', 'NÃO'),
('ARM-00550-000', 'ARMÁRIO ALTO EM MDF 4 PRATELEIRA COR BRANCA', 'NÃO'),
('ARM-00551-000', 'ARMÁRIO ALTO EM MDF 4 PRATELEIRA COR BRANCA', 'NÃO'),
('ARM-00552-000', 'ARMÁRIO ALTO EM MDF 4 PRATELEIRA COR BRANCA', 'NÃO'),
('ARM-00553-000', 'ARMÁRIO ALTO EM MDF 4 PRATELEIRA COR BRANCA', 'NÃO'),
('ARM-00554-000', 'ARMÁRIO ALTO EM MDF 4 PRATELEIRA COR BRANCA', 'NÃO'),
('ARM-00555-000', 'ARMÁRIO ALTO EM MDF 4 PRATELEIRA COR BRANCA', 'NÃO'),
('ARM-00556-000', 'ARMÁRIO ALTO EM MDF 4 PRATELEIRA COR BRANCA', 'NÃO'),
('ARM-00557-000', 'ARMÁRIO ALTO EM MDF 4 PRATELEIRA COR BRANCA', 'NÃO'),
('ARM-00558-000', 'ARMÁRIO ALTO EM MDF 4 PRATELEIRA COR BRANCA', 'NÃO'),
('ARM-00559-000', 'ARMÁRIO ALTO EM MDF 4 PRATELEIRA COR BRANCA', 'NÃO'),
('ARM-00560-000', 'ARMÁRIO ALTO EM MDF 4 PRATELEIRA COR BRANCA', 'NÃO'),
('ARM-00561-000', 'ARMÁRIO ALTO EM MDF 4 PRATELEIRA COR BRANCA', 'NÃO'),
('ARM-00562-000', 'ARMÁRIO ALTO EM MDF 4 PRATELEIRA COR BRANCA', 'NÃO'),
('ARM-00563-000', 'ARMÁRIO ALTO EM MDF 4 PRATELEIRA COR BRANCA', 'NÃO'),
('ARM-00564-000', 'ARMÁRIO ALTO EM MDF 4 PRATELEIRA COR BRANCA', 'NÃO'),
('ARM-00565-000', 'ARMÁRIO ALTO EM MDF 4 PRATELEIRA COR BRANCA', 'NÃO'),
('ARM-00566-000', 'ARMÁRIO ALTO EM MDF 4 PRATELEIRA COR BRANCA', 'NÃO'),
('ARM-00567-000', 'ARMÁRIO ALTO EM MDF 4 PRATELEIRA COR BRANCA', 'NÃO'),
('ARM-00568-000', 'ARMÁRIO ALTO EM MDF 4 PRATELEIRA COR BRANCA', 'NÃO'),
('ARM-00569-000', 'ARMÁRIO ALTO EM MDF 4 PRATELEIRA COR BRANCA', 'NÃO'),
('ARM-00570-000', 'ARMÁRIO ALTO EM MDF 4 PRATELEIRA COR BRANCA', 'NÃO'),
('ARM-00571-000', 'ARMÁRIO ALTO EM MDF 4 PRATELEIRA COR BRANCA', 'NÃO'),
('ARM-00572-000', 'ARMÁRIO ALTO EM MDF 4 PRATELEIRA COR BRANCA', 'NÃO'),
('ARM-00573-000', 'ARMÁRIO ALTO EM MDF, 1 PRATELEIRA, 4 SUPORTES, COR BRANCA', 'NÃO'),
('ARM-00574-000', 'ARMÁRIO ALTO EM MDF, 1 PRATELEIRA, 4 SUPORTES, COR BRANCA', 'NÃO'),
('ARM-00575-000', 'ARMÁRIO ALTO EM MDF, 1 PRATELEIRA, 4 SUPORTES, COR BRANCA', 'NÃO'),
('ARM-00576-000', 'ARMÁRIO ALTO EM MDF, 1 PRATELEIRA, 4 SUPORTES, COR BRANCA', 'NÃO'),
('ARM-00577-000', 'ARMÁRIO ALTO EM MDF, 1 PRATELEIRA, 4 SUPORTES, COR BRANCA', 'NÃO'),
('ARM-00578-000', 'ARMÁRIO ALTO EM MDF, 1 PRATELEIRA, 4 SUPORTES, COR BRANCA', 'NÃO'),
('ARM-00579-000', 'ARMÁRIO ALTO EM MDF, 1 PRATELEIRA, 4 SUPORTES, COR BRANCA', 'NÃO'),
('ARM-00580-000', 'ARMÁRIO ALTO EM MDF, 1 PRATELEIRA, 4 SUPORTES, COR BRANCA', 'NÃO'),
('ARM-00581-000', 'ARMÁRIO ALTO EM MDF, 1 PRATELEIRA, 4 SUPORTES, COR BRANCA', 'NÃO'),
('ARM-00582-000', 'ARMÁRIO ALTO EM MDF 4 PRATELEIRA COR BRANCA', 'NÃO'),
('ARM-00583-000', 'ARMÁRIO ALTO EM MDF 4 PRATELEIRA COR BRANCA', 'NÃO'),
('ARM-00584-000', 'ARMÁRIO ALTO EM MDF 4 PRATELEIRA COR BRANCA', 'NÃO'),
('ARM-00585-000', 'ARMÁRIO ALTO EM MDF 4 PRATELEIRA COR BRANCA', 'NÃO'),
('ARM-00586-000', 'ARMÁRIO BAIXO EM MDF, 1 PRATELEIRA, COR BRANCA', 'NÃO'),
('ARM-00587-000', 'ARMÁRIO BAIXO EM MDF, 1 PRATELEIRA, COR BRANCA', 'NÃO'),
('ARM-00588-000', 'ARMÁRIO BAIXO EM MDF, 1 PRATELEIRA, COR BRANCA', 'NÃO'),
('ARM-00589-000', 'ARMÁRIO BAIXO EM MDF, 1 PRATELEIRA, COR BRANCA', 'NÃO'),
('ARM-00590-000', 'ARMÁRIO BAIXO EM MDF, 1 PRATELEIRA, COR BRANCA', 'NÃO'),
('ARM-00591-000', 'ARMÁRIO BAIXO EM MDF, 1 PRATELEIRA, COR BRANCA', 'NÃO'),
('ARM-00592-000', 'ARMÁRIO BAIXO EM MDF, 1 PRATELEIRA, COR BRANCA', 'NÃO'),
('ARM-00593-000', 'ARMÁRIO BAIXO EM MDF, 1 PRATELEIRA, COR BRANCA', 'NÃO'),
('ARM-00594-000', 'ARMÁRIO BAIXO EM MDF, 1 PRATELEIRA, COR BRANCA', 'NÃO'),
('ARM-00595-000', 'ARMÁRIO BAIXO EM MDF, 1 PRATELEIRA, COR BRANCA', 'NÃO'),
('ARM-00596-000', 'ARMÁRIO BAIXO EM MDF, 1 PRATELEIRA, COR BRANCA', 'NÃO'),
('ARM-00597-000', 'ARMÁRIO BAIXO EM MDF, 1 PRATELEIRA, COR BRANCA', 'NÃO'),
('ARM-00598-000', 'ARMÁRIO BAIXO EM MDF, 1 PRATELEIRA, COR BRANCA', 'NÃO'),
('ARM-00599-000', 'ARMÁRIO BAIXO EM MDF, 1 PRATELEIRA, COR BRANCA', 'NÃO'),
('ARM-00600-000', 'ARMÁRIO BAIXO EM MDF, 1 PRATELEIRA, COR BRANCA', 'NÃO'),
('ARM-00601-000', 'ARMÁRIO BAIXO EM MDF, 1 PRATELEIRA, COR BRANCA', 'NÃO'),
('ARM-00602-000', 'ARMÁRIO BAIXO EM MDF, 1 PRATELEIRA, COR BRANCA', 'NÃO'),
('ARM-00603-000', 'ARMÁRIO BAIXO EM MDF, 1 PRATELEIRA, COR BRANCA', 'NÃO'),
('ARM-00604-000', 'ARMÁRIO BAIXO EM MDF, 1 PRATELEIRA, COR BRANCA', 'NÃO'),
('ARM-00605-000', 'ARMÁRIO BAIXO EM MDF, 1 PRATELEIRA, COR BRANCA', 'NÃO'),
('ARM-00606-000', 'ARMÁRIO BAIXO EM MDF, 1 PRATELEIRA, COR BRANCA', 'NÃO'),
('ARM-00607-000', 'ARMÁRIO BAIXO EM MDF, 1 PRATELEIRA, COR BRANCA', 'NÃO'),
('ARM-00608-000', 'ARMÁRIO BAIXO EM MDF, 1 PRATELEIRA, COR BRANCA', 'NÃO'),
('ARM-00609-000', 'ARMÁRIO BAIXO EM MDF, 1 PRATELEIRA, COR BRANCA', 'NÃO'),
('ARM-00610-000', 'ARMÁRIO BAIXO EM MDF, 1 PRATELEIRA, COR BRANCA', 'NÃO'),
('ARM-00611-000', 'ARMÁRIO BAIXO EM MDF, 1 PRATELEIRA, COR BRANCA', 'NÃO'),
('ARM-00612-000', 'ARMÁRIO BAIXO EM MDF, 1 PRATELEIRA, COR BRANCA', 'NÃO'),
('ARM-00613-000', 'ARMÁRIO BAIXO EM MDF, 1 PRATELEIRA, COR BRANCA', 'NÃO'),
('ARM-00614-000', 'ARMÁRIO BAIXO EM MDF, 1 PRATELEIRA, COR BRANCA', 'NÃO'),
('ARM-00615-000', 'ARMÁRIO BAIXO EM MDF, 1 PRATELEIRA, COR BRANCA', 'NÃO'),
('ARM-00616-000', 'ARMÁRIO BAIXO EM MDF, 1 PRATELEIRA, COR BRANCA', 'NÃO'),
('ARM-00617-000', 'ARMÁRIO BAIXO EM MDF, 1 PRATELEIRA, COR BRANCA', 'NÃO'),
('ARM-00618-000', 'ARMÁRIO BAIXO EM MDF, 1 PRATELEIRA, COR BRANCA', 'NÃO'),
('ARM-00619-000', 'ARMÁRIO BAIXO EM MDF, 1 PRATELEIRA, COR BRANCA', 'NÃO'),
('ARM-00620-000', 'ARMÁRIO BAIXO EM MDF, 1 PRATELEIRA, COR BRANCA', 'NÃO'),
('ARM-00621-000', 'ARMÁRIO BAIXO EM MDF, 1 PRATELEIRA, COR BRANCA', 'NÃO'),
('ARM-00622-000', 'ARMÁRIO BAIXO EM MDF, 1 PRATELEIRA, COR BRANCA', 'NÃO'),
('ARM-00623-000', 'ARMÁRIO BAIXO EM MDF, 1 PRATELEIRA, COR BRANCA', 'NÃO'),
('ARM-00624-000', 'ARMÁRIO BAIXO EM MDF, 1 PRATELEIRA, COR BRANCA', 'NÃO'),
('ARM-00625-000', 'ARMÁRIO BAIXO EM MDF, 1 PRATELEIRA, COR BRANCA', 'NÃO'),
('ARM-00626-000', 'ARMÁRIO BAIXO EM MDF, 1 PRATELEIRA, COR BRANCA', 'NÃO'),
('ARM-00627-000', 'ARMÁRIO BAIXO EM MDF, 1 PRATELEIRA, COR BRANCA', 'NÃO'),
('ARM-00628-000', 'ARMÁRIO BAIXO EM MDF, 1 PRATELEIRA, COR BRANCA', 'NÃO'),
('ARM-00629-000', 'ARMÁRIO BAIXO EM MDF, 1 PRATELEIRA, COR BRANCA', 'NÃO'),
('ARM-00630-000', 'ARMÁRIO BAIXO EM MDF, 1 PRATELEIRA, COR BRANCA', 'NÃO'),
('ARM-00631-000', 'ARMÁRIO BAIXO EM MDF, 1 PRATELEIRA, COR BRANCA', 'NÃO'),
('ARM-00632-000', 'ARMÁRIO BAIXO EM MDF, 1 PRATELEIRA, COR BRANCA', 'NÃO'),
('ARM-00633-000', 'ARMÁRIO BAIXO EM MDF, 1 PRATELEIRA, COR BRANCA', 'NÃO'),
('ARM-00634-000', 'ARMÁRIO BAIXO EM MDF, 1 PRATELEIRA, COR BRANCA', 'NÃO'),
('ARM-00635-000', 'ARMÁRIO BAIXO EM MDF, 1 PRATELEIRA, COR BRANCA', 'NÃO'),
('ARM-00636-000', 'ARMÁRIO BAIXO EM MDF, 1 PRATELEIRA, COR BRANCA', 'NÃO'),
('ARM-00637-000', 'ARMÁRIO BAIXO EM MDF, 1 PRATELEIRA, COR BRANCA', 'NÃO'),
('ARM-00638-000', 'ARMÁRIO BAIXO EM MDF, 1 PRATELEIRA, COR BRANCA', 'NÃO'),
('ARM-00639-000', 'ARMÁRIO BAIXO EM MDF, 1 PRATELEIRA, COR BRANCA', 'NÃO'),
('ARM-00640-000', 'ARMÁRIO BAIXO EM MDF, 1 PRATELEIRA, COR BRANCA', 'NÃO'),
('ARM-00641-000', 'ARMÁRIO BAIXO EM MDF, 1 PRATELEIRA, COR BRANCA', 'NÃO'),
('ARM-00642-000', 'ARMÁRIO BAIXO EM MDF, 1 PRATELEIRA, COR BRANCA', 'NÃO'),
('ARM-00643-000', 'ARMÁRIO BAIXO EM MDF, 1 PRATELEIRA, COR BRANCA', 'NÃO'),
('ARM-00644-000', 'ARMÁRIO BAIXO EM MDF, 1 PRATELEIRA, COR BRANCA', 'NÃO'),
('ARM-00645-000', 'ARMÁRIO BAIXO EM MDF, 1 PRATELEIRA, COR BRANCA', 'NÃO'),
('ARM-00646-000', 'ARMÁRIO BAIXO EM MDF, 1 PRATELEIRA, COR BRANCA', 'NÃO'),
('ARM-00647-000', 'ARMÁRIO BAIXO EM MDF, 1 PRATELEIRA, COR BRANCA', 'NÃO'),
('ARM-00648-000', 'ARMÁRIO BAIXO EM MDF, 1 PRATELEIRA, COR BRANCA', 'NÃO'),
('ARM-00649-000', 'ARMÁRIO BAIXO EM MDF, 1 PRATELEIRA, COR BRANCA', 'NÃO'),
('ARM-00650-000', 'ARMÁRIO BAIXO EM MDF, 1 PRATELEIRA, COR BRANCA', 'NÃO'),
('ARM-00651-000', 'ARMÁRIO BAIXO EM MDF, 1 PRATELEIRA, COR BRANCA', 'NÃO'),
('ARM-00652-000', 'ARMÁRIO BAIXO EM MDF, 1 PRATELEIRA, COR BRANCA', 'NÃO'),
('ARM-00653-000', 'ARMÁRIO BAIXO EM MDF, 1 PRATELEIRA, COR BRANCA', 'NÃO'),
('ARM-00654-000', 'ARMÁRIO BAIXO EM MDF, 1 PRATELEIRA, COR BRANCA', 'NÃO'),
('ARM-00655-000', 'ARMÁRIO BAIXO EM MDF, 1 PRATELEIRA, COR BRANCA', 'NÃO'),
('ARM-00656-000', 'ARMÁRIO BAIXO EM MDF, 1 PRATELEIRA, COR BRANCA', 'NÃO'),
('ARM-00657-000', 'ARMÁRIO BAIXO EM MDF, 1 PRATELEIRA, COR BRANCA', 'NÃO'),
('ARM-00658-000', 'ARMÁRIO BAIXO EM MDF, 1 PRATELEIRA, COR BRANCA', 'NÃO'),
('ARM-00659-000', 'ARMÁRIO BAIXO EM MDF, 1 PRATELEIRA, COR BRANCA', 'NÃO'),
('ARM-00660-000', 'ARMÁRIO BAIXO EM MDF, 1 PRATELEIRA, COR BRANCA', 'NÃO'),
('ARM-00661-000', 'ARMÁRIO BAIXO EM MDF, 1 PRATELEIRA, COR BRANCA', 'NÃO'),
('ARM-00662-000', 'ARMÁRIO BAIXO EM MDF, 1 PRATELEIRA, COR BRANCA', 'NÃO'),
('ARM-00663-000', 'ARMÁRIO BAIXO EM MDF, 1 PRATELEIRA, COR BRANCA', 'NÃO'),
('ARM-00664-000', 'ARMÁRIO BAIXO EM MDF, 1 PRATELEIRA, COR BRANCA', 'NÃO'),
('ARM-00665-000', 'ARMÁRIO BAIXO EM MDF, 1 PRATELEIRA, COR BRANCA', 'NÃO'),
('ARM-00666-000', 'ARMÁRIO BAIXO EM MDF, 1 PRATELEIRA, COR BRANCA', 'NÃO'),
('ARM-00667-000', 'ARMÁRIO BAIXO EM MDF, 1 PRATELEIRA, COR BRANCA', 'NÃO'),
('ARM-00668-000', 'ARMÁRIO BAIXO EM MDF, 1 PRATELEIRA, COR BRANCA', 'NÃO'),
('ARM-00669-000', 'ARMÁRIO BAIXO EM MDF, 1 PRATELEIRA, COR BRANCA', 'NÃO'),
('ARM-00670-000', 'ARMÁRIO BAIXO EM MDF, 1 PRATELEIRA, COR BRANCA', 'NÃO'),
('ARM-00671-000', 'ARMÁRIO BAIXO EM MDF, 1 PRATELEIRA, COR BRANCA', 'NÃO'),
('ARM-00672-000', 'ARMÁRIO BAIXO EM MDF, 1 PRATELEIRA, COR BRANCA', 'NÃO'),
('ARM-00673-000', 'ARMÁRIO BAIXO EM MDF, 1 PRATELEIRA, COR BRANCA', 'NÃO'),
('ARM-00674-000', 'ARMÁRIO BAIXO EM MDF, 1 PRATELEIRA, COR BRANCA', 'NÃO'),
('ARM-00675-000', 'ARMÁRIO BAIXO EM MDF, 1 PRATELEIRA, COR BRANCA', 'NÃO'),
('ARM-00676-000', 'ARMÁRIO BAIXO EM MDF, 1 PRATELEIRA, COR BRANCA', 'NÃO'),
('ARM-00677-000', 'ARMÁRIO BAIXO EM MDF, 1 PRATELEIRA, COR BRANCA', 'NÃO'),
('ARM-00678-000', 'ARMÁRIO BAIXO EM MDF, 1 PRATELEIRA, COR BRANCA', 'NÃO'),
('ARM-00679-000', 'ARMÁRIO BAIXO EM MDF, 1 PRATELEIRA, COR BRANCA', 'NÃO'),
('ARM-00680-000', 'ARMÁRIO BAIXO EM MDF, 1 PRATELEIRA, COR BRANCA', 'NÃO'),
('ARM-00681-000', 'ARMÁRIO BAIXO EM MDF, 1 PRATELEIRA, COR BRANCA', 'NÃO'),
('ARM-00682-000', 'ARMÁRIO BAIXO EM MDF, 1 PRATELEIRA, COR BRANCA', 'NÃO'),
('ARM-00683-000', 'ARMÁRIO BAIXO EM MDF, 1 PRATELEIRA, COR BRANCA', 'NÃO'),
('ARM-00684-000', 'ARMÁRIO BAIXO EM MDF, 1 PRATELEIRA, COR BRANCA', 'NÃO'),
('ARM-00685-000', 'ARMÁRIO BAIXO EM MDF, 1 PRATELEIRA, COR BRANCA', 'NÃO'),
('ARM-00686-000', 'ARMÁRIO BAIXO EM MDF, 1 PRATELEIRA, COR BRANCA', 'NÃO'),
('ARM-00687-000', 'ARMÁRIO BAIXO EM MDF, 1 PRATELEIRA, COR BRANCA', 'NÃO'),
('ARM-00688-000', 'ARMÁRIO BAIXO EM MDF, 1 PRATELEIRA, COR BRANCA', 'NÃO'),
('ARM-00689-000', 'ARMÁRIO BAIXO EM MDF, 1 PRATELEIRA, COR BRANCA', 'NÃO'),
('ARM-00690-000', 'ARMÁRIO BAIXO EM MDF, 1 PRATELEIRA, COR BRANCA', 'NÃO'),
('ARM-00691-000', 'ARMÁRIO BAIXO EM MDF, 1 PRATELEIRA, COR BRANCA', 'NÃO'),
('ARM-00692-000', 'ARMÁRIO BAIXO EM MDF, 1 PRATELEIRA, COR BRANCA', 'NÃO'),
('ARM-00693-000', 'ARMÁRIO BAIXO EM MDF, 1 PRATELEIRA, COR BRANCA', 'NÃO'),
('ARM-00694-000', 'ARMÁRIO BAIXO EM MDF, 1 PRATELEIRA, COR BRANCA', 'NÃO'),
('ARM-00695-000', 'ARMÁRIO BAIXO EM MDF, 1 PRATELEIRA, COR BRANCA', 'NÃO'),
('ARM-00696-000', 'ARMÁRIO BAIXO EM MDF, 1 PRATELEIRA, COR BRANCA', 'NÃO'),
('ARM-00697-000', 'ARMÁRIO BAIXO EM MDF, 1 PRATELEIRA, COR BRANCA', 'NÃO'),
('ARM-00698-000', 'ARMÁRIO BAIXO EM MDF, 1 PRATELEIRA, COR BRANCA', 'NÃO'),
('ARM-00699-000', 'ARMÁRIO BAIXO EM MDF, 1 PRATELEIRA, COR BRANCA', 'NÃO'),
('ARM-00700-000', 'ARMÁRIO BAIXO EM MDF, 1 PRATELEIRA, COR BRANCA', 'NÃO'),
('ARM-00701-000', 'ARMÁRIO BAIXO EM MDF, 1 PRATELEIRA, COR BRANCA', 'NÃO'),
('ARM-00702-000', 'ARMÁRIO BAIXO EM MDF, 1 PRATELEIRA, COR BRANCA', 'NÃO'),
('ARM-00703-000', 'ARMÁRIO BAIXO EM MDF, 1 PRATELEIRA, COR BRANCA', 'NÃO'),
('ARM-00704-000', 'ARMÁRIO BAIXO EM MDF, 1 PRATELEIRA, COR BRANCA', 'NÃO'),
('ARM-00705-000', 'ARMÁRIO BAIXO EM MDF, 1 PRATELEIRA, COR BRANCA', 'NÃO'),
('ARM-00706-000', 'ARMÁRIO BAIXO EM MDF, 1 PRATELEIRA, COR BRANCA', 'NÃO'),
('ARM-00707-000', 'ARMÁRIO BAIXO EM MDF, 1 PRATELEIRA, COR BRANCA', 'NÃO'),
('ARM-00708-000', 'ARMÁRIO BAIXO EM MDF, 1 PRATELEIRA, COR BRANCA', 'NÃO'),
('ARM-00709-000', 'ARMÁRIO BAIXO EM MDF, 1 PRATELEIRA, COR BRANCA', 'NÃO'),
('ARM-00710-000', 'ARMÁRIO BAIXO EM MDF, 1 PRATELEIRA, COR BRANCA', 'NÃO'),
('ARM-00711-000', 'ARMÁRIO BAIXO EM MDF, 1 PRATELEIRA, COR BRANCA', 'NÃO'),
('ARM-00712-000', 'ARMÁRIO BAIXO EM MDF, 1 PRATELEIRA, COR BRANCA', 'NÃO'),
('ARM-00713-000', 'ARMÁRIO BAIXO EM MDF, 1 PRATELEIRA, COR BRANCA', 'NÃO'),
('ARM-00714-000', 'ARMÁRIO BAIXO EM MDF, 1 PRATELEIRA, COR BRANCA', 'NÃO'),
('ARM-00715-000', 'ARMÁRIO BAIXO EM MDF, 1 PRATELEIRA, COR BRANCA', 'NÃO'),
('ARM-00716-000', 'ARMÁRIO BAIXO EM MDF, 1 PRATELEIRA, COR BRANCA', 'NÃO'),
('ARM-00717-000', 'ARMÁRIO BAIXO EM MDF, 1 PRATELEIRA, COR BRANCA', 'NÃO'),
('ARM-00718-000', 'ARMÁRIO BAIXO EM MDF, 1 PRATELEIRA, COR BRANCA', 'NÃO'),
('ARM-00719-000', 'ARMÁRIO BAIXO EM MDF, 1 PRATELEIRA, COR BRANCA', 'NÃO'),
('ARM-00720-000', 'ARMÁRIO BAIXO EM MDF, 1 PRATELEIRA, COR BRANCA', 'NÃO'),
('ARM-00721-000', 'ARMÁRIO BAIXO EM MDF, 1 PRATELEIRA, COR BRANCA', 'NÃO'),
('ARM-00722-000', 'ARMÁRIO BAIXO EM MDF, 1 PRATELEIRA, COR BRANCA', 'NÃO'),
('ARM-00723-000', 'ARMÁRIO BAIXO EM MDF, 1 PRATELEIRA, COR BRANCA', 'NÃO'),
('ARM-00724-000', 'ARMÁRIO BAIXO EM MDF, 1 PRATELEIRA, COR BRANCA', 'NÃO'),
('ARM-00725-000', 'ARMÁRIO BAIXO EM MDF, 1 PRATELEIRA, COR BRANCA', 'NÃO'),
('ARM-00726-000', 'ARMÁRIO BAIXO EM MDF, 1 PRATELEIRA, COR BRANCA', 'NÃO'),
('ARM-00727-000', 'ARMÁRIO BAIXO EM MDF, 1 PRATELEIRA, COR BRANCA', 'NÃO'),
('ARM-00728-000', 'ARMÁRIO BAIXO EM MDF, 1 PRATELEIRA, COR BRANCA', 'NÃO'),
('ARM-00729-000', 'ARMÁRIO BAIXO EM MDF, 1 PRATELEIRA, COR BRANCA', 'NÃO'),
('ARM-00730-000', 'ARMÁRIO BAIXO EM MDF, 1 PRATELEIRA, COR BRANCA', 'NÃO'),
('ARM-00731-000', 'ARMÁRIO BAIXO EM MDF, 1 PRATELEIRA, COR BRANCA', 'NÃO'),
('ARM-00732-000', 'ARMÁRIO BAIXO EM MDF, 1 PRATELEIRA, COR BRANCA', 'NÃO'),
('ARM-00733-000', 'ARMÁRIO BAIXO EM MDF, 1 PRATELEIRA, COR BRANCA', 'NÃO'),
('ARM-00734-000', 'ARMÁRIO BAIXO EM MDF, 1 PRATELEIRA, COR BRANCA', 'NÃO'),
('ARM-00735-000', 'ARMÁRIO BAIXO EM MDF, 1 PRATELEIRA, COR BRANCA', 'NÃO'),
('ARM-00736-000', 'ARMÁRIO BAIXO EM MDF, 1 PRATELEIRA, COR BRANCA', 'NÃO'),
('ARM-00737-000', 'ARMÁRIO BAIXO EM MDF, 1 PRATELEIRA, COR BRANCA', 'NÃO'),
('ARM-00738-000', 'ARMÁRIO BAIXO EM MDF, 1 PRATELEIRA, COR BRANCA', 'NÃO'),
('ARM-00739-000', 'ARMÁRIO BAIXO EM MDF, 1 PRATELEIRA, COR BRANCA', 'NÃO'),
('ARM-00740-000', 'ARMÁRIO BAIXO EM MDF, 1 PRATELEIRA, COR BRANCA', 'NÃO'),
('ARM-00741-000', 'ARMÁRIO BAIXO EM MDF, 1 PRATELEIRA, COR BRANCA', 'NÃO'),
('ARM-00742-000', 'ARMÁRIO BAIXO EM MDF, 1 PRATELEIRA, COR BRANCA', 'NÃO'),
('ARM-00743-000', 'ARMÁRIO BAIXO EM MDF, 1 PRATELEIRA, COR BRANCA', 'NÃO'),
('ARM-00744-000', 'ARMÁRIO BAIXO EM MDF, 1 PRATELEIRA, COR BRANCA', 'NÃO'),
('ARM-00745-000', 'ARMÁRIO BAIXO EM MDF, 1 PRATELEIRA, COR BRANCA', 'NÃO'),
('ARM-00746-000', 'ARMÁRIO BAIXO EM MDF, 1 PRATELEIRA, COR BRANCA', 'NÃO'),
('ARM-00747-000', 'ARMÁRIO BAIXO EM MDF, 1 PRATELEIRA, COR BRANCA', 'NÃO'),
('ARM-00748-000', 'ARMÁRIO BAIXO EM MDF, 1 PRATELEIRA, COR BRANCA', 'NÃO'),
('ARM-00749-000', 'ARMÁRIO BAIXO EM MDF, 1 PRATELEIRA, COR BRANCA', 'NÃO'),
('ARM-00750-000', 'ARMÁRIO BAIXO EM MDF, 1 PRATELEIRA, COR BRANCA', 'NÃO'),
('ARM-00751-000', 'ARMÁRIO BAIXO EM MDF, 1 PRATELEIRA, COR BRANCA', 'NÃO'),
('ARM-00752-000', 'ARMÁRIO BAIXO, EM MDF, 1 PRATELEIRA, COR PRETA', 'NÃO'),
('ARM-00753-000', 'ARMÁRIO BAIXO, EM MDF, 1 PRATELEIRA, COR PRETA', 'NÃO'),
('ARM-00754-000', 'ARMÁRIO EXTRA ALTO, 6 PRATELEIRAS, COR BRANCA', 'NÃO'),
('ARM-00755-000', 'ARMÁRIO EXTRA ALTO, 6 PRATELEIRAS, COR BRANCA', 'NÃO'),
('ARM-00756-000', 'ARMÁRIO EXTRA ALTO, 6 PRATELEIRAS, COR BRANCA', 'NÃO'),
('ARM-00757-000', 'ARMÁRIO EXECUTIVO, EM MDF, COR PRETA', 'NÃO'),
('ARM-00758-000', 'ARMÁRIO BAIXO CREDENZA, COR PRETA', 'NÃO'),
('ARM-00759-000', 'ARMÁRIO BAIXO CREDENZA, COR PRETA', 'NÃO'),
('CAD-02127-000', 'CADEIRA GIRATÓRIA COM BRAÇO, COR PRETA', 'NÃO'),
('CAD-02128-000', 'CADEIRA GIRATÓRIA COM BRAÇO, COR PRETA', 'NÃO'),
('CAD-02129-000', 'CADEIRA GIRATÓRIA COM BRAÇO, COR PRETA', 'NÃO'),
('CAD-02130-000', 'CADEIRA GIRATÓRIA COM BRAÇO, COR PRETA', 'NÃO'),
('CAD-02131-000', 'CADEIRA GIRATÓRIA COM BRAÇO, COR PRETA', 'NÃO'),
('CAD-02132-000', 'CADEIRA GIRATÓRIA COM BRAÇO, COR PRETA', 'NÃO'),
('CAD-02133-000', 'CADEIRA GIRATÓRIA COM BRAÇO, COR PRETA', 'NÃO'),
('CAD-02134-000', 'CADEIRA GIRATÓRIA COM BRAÇO, COR PRETA', 'NÃO'),
('CAD-02135-000', 'CADEIRA GIRATÓRIA COM BRAÇO, COR PRETA', 'NÃO'),
('CAD-02136-000', 'CADEIRA GIRATÓRIA COM BRAÇO, COR PRETA', 'NÃO'),
('CAD-02137-000', 'CADEIRA GIRATÓRIA COM BRAÇO, COR PRETA', 'NÃO'),
('CAD-02138-000', 'CADEIRA GIRATÓRIA COM BRAÇO, COR PRETA', 'NÃO'),
('CAD-02139-000', 'CADEIRA GIRATÓRIA COM BRAÇO, COR PRETA', 'NÃO'),
('CAD-02140-000', 'CADEIRA GIRATÓRIA COM BRAÇO, COR PRETA', 'NÃO'),
('CAD-02141-000', 'CADEIRA GIRATÓRIA COM BRAÇO, COR PRETA C/ VERDE', 'NÃO'),
('CAD-02142-000', 'CADEIRA GIRATÓRIA COM BRAÇO, COR PRETA C/ VERDE', 'NÃO'),
('CAD-02143-000', 'CADEIRA GIRATÓRIA COM BRAÇO, COR PRETA C/ VERDE', 'NÃO'),
('CAD-02144-000', 'CADEIRA GIRATÓRIA COM BRAÇO, COR PRETA C/ VERDE', 'NÃO'),
('CAD-02145-000', 'CADEIRA GIRATÓRIA COM BRAÇO, COR PRETA C/ VERDE', 'NÃO'),
('CAD-02146-000', 'CADEIRA GIRATÓRIA COM BRAÇO, COR PRETA C/ VERDE', 'NÃO'),
('CAD-02147-000', 'CADEIRA GIRATÓRIA COM BRAÇO, COR PRETA C/ VERDE', 'NÃO'),
('CAD-02148-000', 'CADEIRA GIRATÓRIA COM BRAÇO, COR PRETA C/ VERDE', 'NÃO'),
('CAD-02149-000', 'CADEIRA GIRATÓRIA COM BRAÇO, COR PRETA C/ VERDE', 'NÃO'),
('CAD-02150-000', 'CADEIRA GIRATÓRIA COM BRAÇO, COR PRETA C/ VERDE', 'NÃO'),
('CAD-02151-000', 'CADEIRA GIRATÓRIA COM BRAÇO, COR PRETA C/ VERDE', 'NÃO'),
('CAD-02152-000', 'CADEIRA GIRATÓRIA COM BRAÇO, COR PRETA C/ VERDE', 'NÃO'),
('CAD-02153-000', 'CADEIRA GIRATÓRIA COM BRAÇO, COR PRETA C/ VERDE', 'NÃO'),
('CAD-02154-000', 'CADEIRA GIRATÓRIA COM BRAÇO, COR PRETA C/ VERDE', 'NÃO'),
('CAD-02155-000', 'CADEIRA GIRATÓRIA COM BRAÇO, COR PRETA C/ VERDE', 'NÃO'),
('CAD-02156-000', 'CADEIRA GIRATÓRIA COM BRAÇO, COR PRETA C/ VERDE', 'NÃO'),
('CAD-02157-000', 'CADEIRA GIRATÓRIA COM BRAÇO, COR PRETA C/ VERDE', 'NÃO'),
('CAD-02158-000', 'CADEIRA GIRATÓRIA COM BRAÇO, COR PRETA C/ VERDE', 'NÃO'),
('CAD-02159-000', 'CADEIRA GIRATÓRIA COM BRAÇO, COR PRETA C/ VERDE', 'NÃO'),
('CAD-02160-000', 'CADEIRA GIRATÓRIA COM BRAÇO, COR PRETA C/ VERDE', 'NÃO'),
('CAD-02161-000', 'CADEIRA GIRATÓRIA COM BRAÇO, COR PRETA C/ VERDE', 'NÃO'),
('CAD-02162-000', 'CADEIRA GIRATÓRIA COM BRAÇO, COR PRETA C/ VERDE', 'NÃO'),
('CAD-02163-000', 'CADEIRA GIRATÓRIA COM BRAÇO, COR PRETA C/ VERDE', 'NÃO'),
('CAD-02164-000', 'CADEIRA GIRATÓRIA COM BRAÇO, COR PRETA C/ VERDE', 'NÃO'),
('CAD-02165-000', 'CADEIRA GIRATÓRIA COM BRAÇO, COR PRETA C/ VERDE', 'NÃO'),
('CAD-02166-000', 'CADEIRA GIRATÓRIA COM BRAÇO, COR PRETA C/ VERDE', 'NÃO'),
('CAD-02167-000', 'CADEIRA GIRATÓRIA COM BRAÇO, COR PRETA C/ VERDE', 'NÃO'),
('CAD-02168-000', 'CADEIRA GIRATÓRIA COM BRAÇO, COR PRETA C/ VERDE', 'NÃO'),
('CAD-02169-000', 'CADEIRA GIRATÓRIA COM BRAÇO, COR PRETA C/ VERDE', 'NÃO'),
('CAD-02170-000', 'CADEIRA GIRATÓRIA COM BRAÇO, COR PRETA C/ VERDE', 'NÃO'),
('CAD-02171-000', 'CADEIRA GIRATÓRIA COM BRAÇO, COR PRETA C/ VERDE', 'NÃO'),
('CAD-02172-000', 'CADEIRA GIRATÓRIA COM BRAÇO, COR PRETA C/ VERDE', 'NÃO'),
('CAD-02173-000', 'CADEIRA GIRATÓRIA COM BRAÇO, COR PRETA C/ VERDE', 'NÃO'),
('CAD-02174-000', 'CADEIRA GIRATÓRIA COM BRAÇO, COR PRETA C/ VERDE', 'NÃO'),
('CAD-02175-000', 'CADEIRA GIRATÓRIA COM BRAÇO, COR PRETA C/ VERDE', 'NÃO'),
('CAD-02176-000', 'CADEIRA GIRATÓRIA COM BRAÇO, COR PRETA C/ VERDE', 'NÃO'),
('CAD-02177-000', 'CADEIRA GIRATÓRIA COM BRAÇO, COR PRETA C/ VERDE', 'NÃO'),
('CAD-02178-000', 'CADEIRA GIRATÓRIA COM BRAÇO, COR PRETA C/ VERDE', 'NÃO'),
('CAD-02179-000', 'CADEIRA GIRATÓRIA COM BRAÇO, COR PRETA C/ VERDE', 'NÃO'),
('CAD-02180-000', 'CADEIRA GIRATÓRIA COM BRAÇO, COR PRETA C/ VERDE', 'NÃO'),
('CAD-02181-000', 'CADEIRA GIRATÓRIA COM BRAÇO, COR PRETA C/ VERDE', 'NÃO'),
('CAD-02182-000', 'CADEIRA GIRATÓRIA COM BRAÇO, COR PRETA C/ VERDE', 'NÃO'),
('CAD-02183-000', 'CADEIRA GIRATÓRIA COM BRAÇO, COR PRETA C/ VERDE', 'NÃO'),
('CAD-02184-000', 'CADEIRA GIRATÓRIA COM BRAÇO, COR PRETA C/ VERDE', 'NÃO'),
('CAD-02185-000', 'CADEIRA GIRATÓRIA COM BRAÇO, COR PRETA C/ VERDE', 'NÃO'),
('CAD-02186-000', 'CADEIRA GIRATÓRIA COM BRAÇO, COR PRETA C/ VERDE', 'NÃO'),
('CAD-02187-000', 'CADEIRA GIRATÓRIA COM BRAÇO, COR PRETA C/ VERDE', 'NÃO'),
('CAD-02188-000', 'CADEIRA GIRATÓRIA COM BRAÇO, COR PRETA C/ VERDE', 'NÃO'),
('CAD-02189-000', 'CADEIRA GIRATÓRIA COM BRAÇO, COR PRETA C/ VERDE', 'NÃO'),
('CAD-02190-000', 'CADEIRA GIRATÓRIA COM BRAÇO, COR PRETA C/ VERDE', 'NÃO'),
('CAD-02191-000', 'CADEIRA GIRATÓRIA COM BRAÇO, COR PRETA C/ VERDE', 'NÃO'),
('CAD-02192-000', 'CADEIRA GIRATÓRIA COM BRAÇO, COR PRETA C/ VERDE', 'NÃO'),
('CAD-02193-000', 'CADEIRA GIRATÓRIA COM BRAÇO, COR PRETA C/ VERDE', 'NÃO'),
('CAD-02194-000', 'CADEIRA GIRATÓRIA COM BRAÇO, COR PRETA C/ VERDE', 'NÃO'),
('CAD-02195-000', 'CADEIRA GIRATÓRIA COM BRAÇO, COR PRETA C/ VERDE', 'NÃO'),
('CAD-02196-000', 'CADEIRA GIRATÓRIA COM BRAÇO, COR PRETA C/ VERDE', 'NÃO'),
('CAD-02197-000', 'CADEIRA GIRATÓRIA COM BRAÇO, COR PRETA C/ VERDE', 'NÃO'),
('CAD-02198-000', 'CADEIRA GIRATÓRIA COM BRAÇO, COR PRETA C/ VERDE', 'NÃO'),
('CAD-02199-000', 'CADEIRA GIRATÓRIA COM BRAÇO, COR PRETA C/ VERDE', 'NÃO'),
('CAD-02200-000', 'CADEIRA GIRATÓRIA COM BRAÇO, COR PRETA C/ VERDE', 'NÃO'),
('CAD-02201-000', 'CADEIRA GIRATÓRIA COM BRAÇO, COR PRETA C/ VERDE', 'NÃO'),
('CAD-02202-000', 'CADEIRA GIRATÓRIA COM BRAÇO, COR PRETA C/ VERDE', 'NÃO'),
('CAD-02203-000', 'CADEIRA GIRATÓRIA COM BRAÇO, COR PRETA C/ VERDE', 'NÃO'),
('CAD-02204-000', 'CADEIRA GIRATÓRIA COM BRAÇO, COR PRETA C/ VERDE', 'NÃO'),
('CAD-02205-000', 'CADEIRA GIRATÓRIA COM BRAÇO, COR PRETA C/ VERDE', 'NÃO'),
('CAD-02206-000', 'CADEIRA GIRATÓRIA COM BRAÇO, COR PRETA C/ VERDE', 'NÃO'),
('CAD-02207-000', 'CADEIRA GIRATÓRIA COM BRAÇO, COR PRETA C/ VERDE', 'NÃO'),
('CAD-02208-000', 'CADEIRA GIRATÓRIA COM BRAÇO, COR PRETA C/ VERDE', 'NÃO'),
('CAD-02209-000', 'CADEIRA GIRATÓRIA COM BRAÇO, COR PRETA C/ VERDE', 'NÃO'),
('CAD-02210-000', 'CADEIRA GIRATÓRIA COM BRAÇO, COR PRETA C/ VERDE', 'NÃO'),
('CAD-02211-000', 'CADEIRA GIRATÓRIA COM BRAÇO, COR PRETA C/ VERDE', 'NÃO'),
('CAD-02212-000', 'CADEIRA GIRATÓRIA COM BRAÇO, COR PRETA C/ VERDE', 'NÃO'),
('CAD-02213-000', 'CADEIRA GIRATÓRIA COM BRAÇO, COR PRETA C/ VERDE', 'NÃO'),
('CAD-02214-000', 'CADEIRA GIRATÓRIA COM BRAÇO, COR PRETA C/ VERDE', 'NÃO'),
('CAD-02215-000', 'CADEIRA GIRATÓRIA COM BRAÇO, COR PRETA C/ VERDE', 'NÃO'),
('CAD-02216-000', 'CADEIRA GIRATÓRIA COM BRAÇO, COR PRETA C/ VERDE', 'NÃO'),
('CAD-02217-000', 'CADEIRA GIRATÓRIA COM BRAÇO, COR PRETA C/ VERDE', 'NÃO'),
('CAD-02218-000', 'CADEIRA GIRATÓRIA COM BRAÇO, COR PRETA C/ VERDE', 'NÃO'),
('CAD-02219-000', 'CADEIRA GIRATÓRIA COM BRAÇO, COR PRETA C/ VERDE', 'NÃO'),
('CAD-02220-000', 'CADEIRA GIRATÓRIA COM BRAÇO, COR PRETA C/ VERDE', 'NÃO'),
('CAD-02221-000', 'CADEIRA GIRATÓRIA COM BRAÇO, COR PRETA C/ VERDE', 'NÃO'),
('CAD-02222-000', 'CADEIRA GIRATÓRIA COM BRAÇO, COR PRETA C/ VERDE', 'NÃO'),
('CAD-02223-000', 'CADEIRA GIRATÓRIA COM BRAÇO, COR PRETA C/ VERDE', 'NÃO'),
('CAD-02224-000', 'CADEIRA GIRATÓRIA COM BRAÇO, COR PRETA C/ VERDE', 'NÃO'),
('CAD-02225-000', 'CADEIRA GIRATÓRIA COM BRAÇO, COR PRETA C/ VERDE', 'NÃO'),
('CAD-02226-000', 'CADEIRA GIRATÓRIA COM BRAÇO, COR PRETA C/ VERDE', 'NÃO'),
('CAD-02227-000', 'CADEIRA GIRATÓRIA COM BRAÇO, COR PRETA C/ VERDE', 'NÃO'),
('CAD-02228-000', 'CADEIRA GIRATÓRIA COM BRAÇO, COR PRETA C/ VERDE', 'NÃO'),
('CAD-02229-000', 'CADEIRA GIRATÓRIA COM BRAÇO, COR PRETA C/ VERDE', 'NÃO'),
('CAD-02230-000', 'CADEIRA GIRATÓRIA COM BRAÇO, COR PRETA C/ VERDE', 'NÃO'),
('CAD-02231-000', 'CADEIRA GIRATÓRIA COM BRAÇO, COR PRETA C/ VERDE', 'NÃO'),
('CAD-02232-000', 'CADEIRA GIRATÓRIA COM BRAÇO, COR PRETA C/ VERDE', 'NÃO'),
('CAD-02233-000', 'CADEIRA GIRATÓRIA COM BRAÇO, COR PRETA C/ VERDE', 'NÃO'),
('CAD-02234-000', 'CADEIRA GIRATÓRIA COM BRAÇO, COR PRETA C/ VERDE', 'NÃO'),
('CAD-02235-000', 'CADEIRA GIRATÓRIA COM BRAÇO, COR PRETA C/ VERDE', 'NÃO'),
('CAD-02236-000', 'CADEIRA GIRATÓRIA COM BRAÇO, COR PRETA C/ VERDE', 'NÃO'),
('CAD-02237-000', 'CADEIRA GIRATÓRIA COM BRAÇO, COR PRETA C/ VERDE', 'NÃO'),
('CAD-02238-000', 'CADEIRA GIRATÓRIA COM BRAÇO, COR PRETA C/ VERDE', 'NÃO'),
('CAD-02239-000', 'CADEIRA GIRATÓRIA COM BRAÇO, COR PRETA C/ VERDE', 'NÃO'),
('CAD-02240-000', 'CADEIRA GIRATÓRIA COM BRAÇO, COR PRETA C/ VERDE', 'NÃO'),
('CAD-02241-000', 'CADEIRA GIRATÓRIA COM BRAÇO, COR PRETA C/ VERDE', 'NÃO'),
('CAD-02242-000', 'CADEIRA GIRATÓRIA COM BRAÇO, COR PRETA C/ VERDE', 'NÃO'),
('CAD-02243-000', 'CADEIRA GIRATÓRIA COM BRAÇO, COR PRETA C/ VERDE', 'NÃO'),
('CAD-02244-000', 'CADEIRA GIRATÓRIA COM BRAÇO, COR PRETA C/ VERDE', 'NÃO'),
('CAD-02245-000', 'CADEIRA GIRATÓRIA COM BRAÇO, COR PRETA C/ VERDE', 'NÃO'),
('CAD-02246-000', 'CADEIRA GIRATÓRIA COM BRAÇO, COR PRETA C/ VERDE', 'NÃO'),
('CAD-02247-000', 'CADEIRA GIRATÓRIA COM BRAÇO, COR PRETA C/ VERDE', 'NÃO'),
('CAD-02248-000', 'CADEIRA GIRATÓRIA COM BRAÇO, COR PRETA C/ VERDE', 'NÃO'),
('CAD-02249-000', 'CADEIRA GIRATÓRIA COM BRAÇO, COR PRETA C/ VERDE', 'NÃO'),
('CAD-02250-000', 'CADEIRA GIRATÓRIA COM BRAÇO, COR PRETA C/ VERDE', 'NÃO'),
('CAD-02251-000', 'CADEIRA GIRATÓRIA COM BRAÇO, COR PRETA C/ VERDE', 'NÃO'),
('CAD-02252-000', 'CADEIRA GIRATÓRIA COM BRAÇO, COR PRETA C/ VERDE', 'NÃO'),
('CAD-02253-000', 'CADEIRA GIRATÓRIA COM BRAÇO, COR PRETA C/ VERDE', 'NÃO'),
('CAD-02254-000', 'CADEIRA GIRATÓRIA COM BRAÇO, COR PRETA C/ VERDE', 'NÃO'),
('CAD-02255-000', 'CADEIRA GIRATÓRIA COM BRAÇO, COR PRETA C/ VERDE', 'NÃO'),
('CAD-02256-000', 'CADEIRA GIRATÓRIA COM BRAÇO, COR PRETA C/ VERDE', 'NÃO'),
('CAD-02257-000', 'CADEIRA GIRATÓRIA COM BRAÇO, COR PRETA C/ VERDE', 'NÃO'),
('CAD-02258-000', 'CADEIRA GIRATÓRIA COM BRAÇO, COR PRETA C/ VERDE', 'NÃO'),
('CAD-02259-000', 'CADEIRA GIRATÓRIA COM BRAÇO, COR PRETA C/ VERDE', 'NÃO'),
('CAD-02260-000', 'CADEIRA GIRATÓRIA COM BRAÇO, COR PRETA C/ VERDE', 'NÃO'),
('CAD-02261-000', 'CADEIRA GIRATÓRIA COM BRAÇO, COR PRETA C/ VERDE', 'NÃO'),
('CAD-02262-000', 'CADEIRA GIRATÓRIA COM BRAÇO, COR PRETA C/ VERDE', 'NÃO'),
('CAD-02263-000', 'CADEIRA GIRATÓRIA COM BRAÇO, COR PRETA C/ VERDE', 'NÃO'),
('CAD-02264-000', 'CADEIRA GIRATÓRIA COM BRAÇO, COR PRETA C/ VERDE', 'NÃO'),
('CAD-02265-000', 'CADEIRA GIRATÓRIA COM BRAÇO, COR PRETA C/ VERDE', 'NÃO'),
('CAD-02266-000', 'CADEIRA GIRATÓRIA COM BRAÇO, COR PRETA C/ VERDE', 'NÃO'),
('CAD-02267-000', 'CADEIRA GIRATÓRIA COM BRAÇO, COR PRETA C/ VERDE', 'NÃO'),
('CAD-02268-000', 'CADEIRA GIRATÓRIA COM BRAÇO, COR PRETA C/ VERDE', 'NÃO'),
('CAD-02269-000', 'CADEIRA GIRATÓRIA COM BRAÇO, COR PRETA C/ VERDE', 'NÃO'),
('CAD-02270-000', 'CADEIRA GIRATÓRIA COM BRAÇO, COR PRETA C/ VERDE', 'NÃO'),
('CAD-02271-000', 'CADEIRA GIRATÓRIA COM BRAÇO, COR PRETA C/ VERDE', 'NÃO'),
('CAD-02272-000', 'CADEIRA GIRATÓRIA COM BRAÇO, COR PRETA C/ VERDE', 'NÃO'),
('CAD-02273-000', 'CADEIRA GIRATÓRIA COM BRAÇO, COR PRETA C/ VERDE', 'NÃO'),
('CAD-02274-000', 'CADEIRA GIRATÓRIA COM BRAÇO, COR PRETA C/ VERDE', 'NÃO'),
('CAD-02275-000', 'CADEIRA GIRATÓRIA COM BRAÇO, COR PRETA C/ VERDE', 'NÃO'),
('CAD-02276-000', 'CADEIRA GIRATÓRIA COM BRAÇO, COR PRETA C/ VERDE', 'NÃO'),
('CAD-02277-000', 'CADEIRA GIRATÓRIA COM BRAÇO, COR PRETA C/ VERDE', 'NÃO'),
('CAD-02278-000', 'CADEIRA GIRATÓRIA COM BRAÇO, COR PRETA C/ VERDE', 'NÃO'),
('CAD-02279-000', 'CADEIRA GIRATÓRIA COM BRAÇO, COR PRETA C/ VERDE', 'NÃO'),
('CAD-02280-000', 'CADEIRA GIRATÓRIA COM BRAÇO, COR PRETA C/ VERDE', 'NÃO'),
('CAD-02281-000', 'CADEIRA GIRATÓRIA COM BRAÇO, COR PRETA C/ VERDE', 'NÃO'),
('CAD-02282-000', 'CADEIRA GIRATÓRIA COM BRAÇO, COR PRETA C/ VERDE', 'NÃO'),
('CAD-02283-000', 'CADEIRA GIRATÓRIA COM BRAÇO, COR PRETA C/ VERDE', 'NÃO'),
('CAD-02284-000', 'CADEIRA GIRATÓRIA COM BRAÇO, COR PRETA C/ VERDE', 'NÃO'),
('CAD-02285-000', 'CADEIRA GIRATÓRIA COM BRAÇO, COR PRETA C/ VERDE', 'NÃO'),
('CAD-02286-000', 'CADEIRA GIRATÓRIA COM BRAÇO, COR PRETA C/ VERDE', 'NÃO'),
('CAD-02287-000', 'CADEIRA GIRATÓRIA COM BRAÇO, COR PRETA C/ VERDE', 'NÃO'),
('CAD-02288-000', 'CADEIRA GIRATÓRIA COM BRAÇO, COR PRETA C/ VERDE', 'NÃO'),
('CAD-02289-000', 'CADEIRA GIRATÓRIA COM BRAÇO, COR PRETA C/ VERDE', 'NÃO'),
('CAD-02290-000', 'CADEIRA GIRATÓRIA COM BRAÇO, COR PRETA C/ VERDE', 'NÃO'),
('CAD-02291-000', 'CADEIRA GIRATÓRIA COM BRAÇO, COR PRETA C/ VERDE', 'NÃO'),
('CAD-02292-000', 'CADEIRA GIRATÓRIA COM BRAÇO, COR PRETA C/ VERDE', 'NÃO'),
('CAD-02293-000', 'CADEIRA GIRATÓRIA COM BRAÇO, COR PRETA C/ VERDE', 'NÃO'),
('CAD-02294-000', 'CADEIRA GIRATÓRIA COM BRAÇO, COR PRETA C/ VERDE', 'NÃO'),
('CAD-02295-000', 'CADEIRA GIRATÓRIA COM BRAÇO, COR PRETA C/ VERDE', 'NÃO'),
('CAD-02296-000', 'CADEIRA GIRATÓRIA COM BRAÇO, COR PRETA C/ VERDE', 'NÃO'),
('CAD-02297-000', 'CADEIRA GIRATÓRIA COM BRAÇO, COR PRETA C/ VERDE', 'NÃO'),
('CAD-02298-000', 'CADEIRA GIRATÓRIA COM BRAÇO, COR PRETA C/ VERDE', 'NÃO'),
('CAD-02299-000', 'CADEIRA GIRATÓRIA COM BRAÇO, COR PRETA C/ VERDE', 'NÃO'),
('CAD-02300-000', 'CADEIRA GIRATÓRIA COM BRAÇO, COR PRETA C/ VERDE', 'NÃO'),
('CAD-02301-000', 'CADEIRA GIRATÓRIA COM BRAÇO, COR PRETA C/ VERDE', 'NÃO'),
('CAD-02302-000', 'CADEIRA GIRATÓRIA COM BRAÇO, COR PRETA C/ VERDE', 'NÃO'),
('CAD-02303-000', 'CADEIRA GIRATÓRIA COM BRAÇO, COR PRETA C/ VERDE', 'NÃO'),
('CAD-02304-000', 'CADEIRA GIRATÓRIA COM BRAÇO, COR PRETA C/ VERDE', 'NÃO'),
('CAD-02305-000', 'CADEIRA GIRATÓRIA COM BRAÇO, COR PRETA C/ VERDE', 'NÃO'),
('CAD-02306-000', 'CADEIRA GIRATÓRIA COM BRAÇO, COR PRETA C/ VERDE', 'NÃO'),
('CAD-02307-000', 'CADEIRA GIRATÓRIA COM BRAÇO, COR PRETA C/ VERDE', 'NÃO'),
('CAD-02308-000', 'CADEIRA GIRATÓRIA COM BRAÇO, COR PRETA C/ VERDE', 'NÃO'),
('CAD-02309-000', 'CADEIRA GIRATÓRIA COM BRAÇO, COR PRETA C/ VERDE', 'NÃO'),
('CAD-02310-000', 'CADEIRA GIRATÓRIA COM BRAÇO, COR PRETA C/ VERDE', 'NÃO'),
('CAD-02311-000', 'CADEIRA GIRATÓRIA COM BRAÇO, COR PRETA C/ VERDE', 'NÃO'),
('CAD-02312-000', 'CADEIRA GIRATÓRIA COM BRAÇO, COR PRETA C/ VERDE', 'NÃO'),
('CAD-02313-000', 'CADEIRA GIRATÓRIA COM BRAÇO, COR PRETA C/ VERDE', 'NÃO'),
('CAD-02314-000', 'CADEIRA GIRATÓRIA COM BRAÇO, COR PRETA C/ VERDE', 'NÃO'),
('CAD-02315-000', 'CADEIRA GIRATÓRIA COM BRAÇO, COR PRETA C/ VERDE', 'NÃO'),
('CAD-02316-000', 'CADEIRA GIRATÓRIA COM BRAÇO, COR PRETA C/ VERDE', 'NÃO'),
('CAD-02317-000', 'CADEIRA GIRATÓRIA COM BRAÇO, COR PRETA C/ VERDE', 'NÃO'),
('CAD-02318-000', 'CADEIRA GIRATÓRIA COM BRAÇO, COR PRETA C/ VERDE', 'NÃO'),
('CAD-02319-000', 'CADEIRA GIRATÓRIA COM BRAÇO, COR PRETA C/ VERDE', 'NÃO'),
('CAD-02320-000', 'CADEIRA GIRATÓRIA COM BRAÇO, COR PRETA C/ VERDE', 'NÃO'),
('CAD-02321-000', 'CADEIRA GIRATÓRIA COM BRAÇO, COR PRETA C/ VERDE', 'NÃO'),
('CAD-02322-000', 'CADEIRA GIRATÓRIA COM BRAÇO, COR PRETA C/ VERDE', 'NÃO'),
('CAD-02323-000', 'CADEIRA GIRATÓRIA COM BRAÇO, COR PRETA C/ VERDE', 'NÃO'),
('CAD-02324-000', 'CADEIRA GIRATÓRIA COM BRAÇO, COR PRETA C/ VERDE', 'NÃO'),
('CAD-02325-000', 'CADEIRA GIRATÓRIA COM BRAÇO, COR PRETA C/ VERDE', 'NÃO'),
('CAD-02326-000', 'CADEIRA GIRATÓRIA COM BRAÇO, COR PRETA C/ VERDE', 'NÃO'),
('CAD-02327-000', 'CADEIRA GIRATÓRIA COM BRAÇO, COR PRETA C/ VERDE', 'NÃO'),
('CAD-02328-000', 'CADEIRA GIRATÓRIA COM BRAÇO, COR PRETA C/ VERDE', 'NÃO'),
('CAD-02329-000', 'CADEIRA GIRATÓRIA TIPO PRESIDENTE C/ RELAX ESPALDAR ALTO, BRAÇO FIXO INJETADO, COR PRETA', 'NÃO'),
('CAD-02330-000', 'CADEIRA GIRATÓRIA TIPO PRESIDENTE C/ RELAX ESPALDAR ALTO, BRAÇO FIXO INJETADO, COR PRETA', 'NÃO'),
('CAD-02331-000', 'CADEIRA GIRATÓRIA TIPO PRESIDENTE C/ RELAX ESPALDAR ALTO, BRAÇO FIXO INJETADO, COR PRETA', 'NÃO'),
('CAD-02332-000', 'CADEIRA GIRATÓRIA TIPO PRESIDENTE C/ RELAX ESPALDAR ALTO, BRAÇO FIXO INJETADO, COR PRETA', 'NÃO'),
('CAD-02333-000', 'CADEIRA GIRATÓRIA TIPO PRESIDENTE C/ RELAX ESPALDAR ALTO, BRAÇO FIXO INJETADO, COR PRETA', 'NÃO'),
('CAD-02334-000', 'POLTRONA MODELO PRESIDENTE, ENCOSTO TELADO COM APOIO DE CABEÇA, COR PRETA', 'NÃO'),
('CAD-02335-000', 'CADEIRA OPERACIONAL PARA ESCRITA, ESPALDAR MÉDIO, BASE FIXA CONTÍNUA, COR PRETA COM VERDE', 'NÃO'),
('CAD-02336-000', 'CADEIRA OPERACIONAL PARA ESCRITA, ESPALDAR MÉDIO, BASE FIXA CONTÍNUA, COR PRETA COM VERDE', 'NÃO'),
('CAD-02337-000', 'CADEIRA OPERACIONAL PARA ESCRITA, ESPALDAR MÉDIO, BASE FIXA CONTÍNUA, COR PRETA COM VERDE', 'NÃO'),
('CAD-02338-000', 'CADEIRA OPERACIONAL PARA ESCRITA, ESPALDAR MÉDIO, BASE FIXA CONTÍNUA, COR PRETA COM VERDE', 'NÃO'),
('CAD-02339-000', 'CADEIRA OPERACIONAL PARA ESCRITA, ESPALDAR MÉDIO, BASE FIXA CONTÍNUA, COR PRETA COM VERDE', 'NÃO'),
('CAD-02340-000', 'CADEIRA OPERACIONAL PARA ESCRITA, ESPALDAR MÉDIO, BASE FIXA CONTÍNUA, COR PRETA COM VERDE', 'NÃO'),
('CAD-02341-000', 'CADEIRA OPERACIONAL PARA ESCRITA, ESPALDAR MÉDIO, BASE FIXA CONTÍNUA, COR PRETA COM VERDE', 'NÃO'),
('CAD-02342-000', 'CADEIRA OPERACIONAL PARA ESCRITA, ESPALDAR MÉDIO, BASE FIXA CONTÍNUA, COR PRETA COM VERDE', 'NÃO'),
('CAD-02343-000', 'CADEIRA OPERACIONAL PARA ESCRITA, ESPALDAR MÉDIO, BASE FIXA CONTÍNUA, COR PRETA COM VERDE', 'NÃO'),
('CAD-02344-000', 'CADEIRA OPERACIONAL PARA ESCRITA, ESPALDAR MÉDIO, BASE FIXA CONTÍNUA, COR PRETA COM VERDE', 'NÃO'),
('CAD-02345-000', 'CADEIRA OPERACIONAL PARA ESCRITA, ESPALDAR MÉDIO, BASE FIXA CONTÍNUA, COR PRETA COM VERDE', 'NÃO'),
('CAD-02346-000', 'CADEIRA OPERACIONAL PARA ESCRITA, ESPALDAR MÉDIO, BASE FIXA CONTÍNUA, COR PRETA COM VERDE', 'NÃO'),
('CAD-02347-000', 'CADEIRA OPERACIONAL PARA ESCRITA, ESPALDAR MÉDIO, BASE FIXA CONTÍNUA, COR PRETA COM VERDE', 'NÃO'),
('CAD-02348-000', 'CADEIRA OPERACIONAL PARA ESCRITA, ESPALDAR MÉDIO, BASE FIXA CONTÍNUA, COR PRETA COM VERDE', 'NÃO'),
('CAD-02349-000', 'CADEIRA OPERACIONAL PARA ESCRITA, ESPALDAR MÉDIO, BASE FIXA CONTÍNUA, COR PRETA COM VERDE', 'NÃO'),
('CAD-02350-000', 'CADEIRA OPERACIONAL PARA ESCRITA, ESPALDAR MÉDIO, BASE FIXA CONTÍNUA, COR PRETA COM VERDE', 'NÃO'),
('CAD-02351-000', 'CADEIRA OPERACIONAL PARA ESCRITA, ESPALDAR MÉDIO, BASE FIXA CONTÍNUA, COR PRETA COM VERDE', 'NÃO'),
('CAD-02352-000', 'CADEIRA OPERACIONAL PARA ESCRITA, ESPALDAR MÉDIO, BASE FIXA CONTÍNUA, COR PRETA COM VERDE', 'NÃO'),
('CAD-02353-000', 'CADEIRA OPERACIONAL PARA ESCRITA, ESPALDAR MÉDIO, BASE FIXA CONTÍNUA, COR PRETA COM VERDE', 'NÃO'),
('CAD-02354-000', 'CADEIRA OPERACIONAL PARA ESCRITA, ESPALDAR MÉDIO, BASE FIXA CONTÍNUA, COR PRETA COM VERDE', 'NÃO'),
('CAD-02355-000', 'CADEIRA OPERACIONAL PARA ESCRITA, ESPALDAR MÉDIO, BASE FIXA CONTÍNUA, COR PRETA COM VERDE', 'NÃO'),
('CAD-02356-000', 'CADEIRA OPERACIONAL PARA ESCRITA, ESPALDAR MÉDIO, BASE FIXA CONTÍNUA, COR PRETA COM VERDE', 'NÃO'),
('CAD-02357-000', 'CADEIRA OPERACIONAL PARA ESCRITA, ESPALDAR MÉDIO, BASE FIXA CONTÍNUA, COR PRETA COM VERDE', 'NÃO'),
('CAD-02358-000', 'CADEIRA OPERACIONAL PARA ESCRITA, ESPALDAR MÉDIO, BASE FIXA CONTÍNUA, COR PRETA COM VERDE', 'NÃO'),
('CAD-02359-000', 'CADEIRA OPERACIONAL PARA ESCRITA, ESPALDAR MÉDIO, BASE FIXA CONTÍNUA, COR PRETA COM VERDE', 'NÃO'),
('CAD-02360-000', 'CADEIRA OPERACIONAL PARA ESCRITA, ESPALDAR MÉDIO, BASE FIXA CONTÍNUA, COR PRETA COM VERDE', 'NÃO'),
('CAD-02361-000', 'CADEIRA OPERACIONAL PARA ESCRITA, ESPALDAR MÉDIO, BASE FIXA CONTÍNUA, COR PRETA COM VERDE', 'NÃO'),
('CAD-02362-000', 'CADEIRA OPERACIONAL PARA ESCRITA, ESPALDAR MÉDIO, BASE FIXA CONTÍNUA, COR PRETA COM VERDE', 'NÃO'),
('CAD-02363-000', 'CADEIRA OPERACIONAL PARA ESCRITA, ESPALDAR MÉDIO, BASE FIXA CONTÍNUA, COR PRETA COM VERDE', 'NÃO'),
('CAD-02364-000', 'CADEIRA OPERACIONAL PARA ESCRITA, ESPALDAR MÉDIO, BASE FIXA CONTÍNUA, COR PRETA COM VERDE', 'NÃO'),
('CAD-02365-000', 'CADEIRA OPERACIONAL PARA ESCRITA, ESPALDAR MÉDIO, BASE FIXA CONTÍNUA, COR PRETA COM VERDE', 'NÃO'),
('CAD-02366-000', 'CADEIRA OPERACIONAL PARA ESCRITA, ESPALDAR MÉDIO, BASE FIXA CONTÍNUA, COR PRETA COM VERDE', 'NÃO'),
('CAD-02367-000', 'CADEIRA OPERACIONAL PARA ESCRITA, ESPALDAR MÉDIO, BASE FIXA CONTÍNUA, COR PRETA COM VERDE', 'NÃO'),
('CAD-02368-000', 'CADEIRA OPERACIONAL PARA ESCRITA, ESPALDAR MÉDIO, BASE FIXA CONTÍNUA, COR PRETA COM VERDE', 'NÃO'),
('CAD-02369-000', 'CADEIRA OPERACIONAL PARA ESCRITA, ESPALDAR MÉDIO, BASE FIXA CONTÍNUA, COR PRETA COM VERDE', 'NÃO'),
('CAD-02370-000', 'CADEIRA OPERACIONAL PARA ESCRITA, ESPALDAR MÉDIO, BASE FIXA CONTÍNUA, COR PRETA COM VERDE', 'NÃO'),
('CAD-02371-000', 'CADEIRA OPERACIONAL PARA ESCRITA, ESPALDAR MÉDIO, BASE FIXA CONTÍNUA, COR PRETA COM VERDE', 'NÃO'),
('CAD-02372-000', 'CADEIRA OPERACIONAL PARA ESCRITA, ESPALDAR MÉDIO, BASE FIXA CONTÍNUA, COR PRETA COM VERDE', 'NÃO'),
('CAD-02373-000', 'CADEIRA OPERACIONAL PARA ESCRITA, ESPALDAR MÉDIO, BASE FIXA CONTÍNUA, COR PRETA COM VERDE', 'NÃO'),
('CAD-02374-000', 'CADEIRA OPERACIONAL PARA ESCRITA, ESPALDAR MÉDIO, BASE FIXA CONTÍNUA, COR PRETA COM VERDE', 'NÃO'),
('CAD-02375-000', 'CADEIRA OPERACIONAL PARA ESCRITA, ESPALDAR MÉDIO, BASE FIXA CONTÍNUA, COR PRETA COM VERDE', 'NÃO'),
('CAD-02376-000', 'CADEIRA OPERACIONAL PARA ESCRITA, ESPALDAR MÉDIO, BASE FIXA CONTÍNUA, COR PRETA COM VERDE', 'NÃO'),
('CAD-02377-000', 'CADEIRA OPERACIONAL PARA ESCRITA, ESPALDAR MÉDIO, BASE FIXA CONTÍNUA, COR PRETA COM VERDE', 'NÃO'),
('CAD-02378-000', 'CADEIRA OPERACIONAL PARA ESCRITA, ESPALDAR MÉDIO, BASE FIXA CONTÍNUA, COR PRETA COM VERDE', 'NÃO'),
('CAD-02379-000', 'CADEIRA OPERACIONAL PARA ESCRITA, ESPALDAR MÉDIO, BASE FIXA CONTÍNUA, COR PRETA COM VERDE', 'NÃO'),
('CAD-02380-000', 'CADEIRA OPERACIONAL PARA ESCRITA, ESPALDAR MÉDIO, BASE FIXA CONTÍNUA, COR PRETA COM VERDE', 'NÃO'),
('CAD-02381-000', 'CADEIRA OPERACIONAL PARA ESCRITA, ESPALDAR MÉDIO, BASE FIXA CONTÍNUA, COR PRETA COM VERDE', 'NÃO'),
('CAD-02382-000', 'CADEIRA OPERACIONAL PARA ESCRITA, ESPALDAR MÉDIO, BASE FIXA CONTÍNUA, COR PRETA COM VERDE', 'NÃO'),
('CAD-02383-000', 'CADEIRA OPERACIONAL PARA ESCRITA, ESPALDAR MÉDIO, BASE FIXA CONTÍNUA, COR PRETA COM VERDE', 'NÃO'),
('CAD-02384-000', 'CADEIRA OPERACIONAL PARA ESCRITA, ESPALDAR MÉDIO, BASE FIXA CONTÍNUA, COR PRETA COM VERDE', 'NÃO'),
('CAD-02385-000', 'CADEIRA OPERACIONAL PARA ESCRITA, ESPALDAR MÉDIO, BASE FIXA CONTÍNUA, COR PRETA COM VERDE', 'NÃO'),
('CAD-02386-000', 'CADEIRA OPERACIONAL PARA ESCRITA, ESPALDAR MÉDIO, BASE FIXA CONTÍNUA, COR PRETA COM VERDE', 'NÃO'),
('CAD-02387-000', 'CADEIRA OPERACIONAL PARA ESCRITA, ESPALDAR MÉDIO, BASE FIXA CONTÍNUA, COR PRETA COM VERDE', 'NÃO'),
('CAD-02388-000', 'CADEIRA OPERACIONAL PARA ESCRITA, ESPALDAR MÉDIO, BASE FIXA CONTÍNUA, COR PRETA COM VERDE', 'NÃO'),
('CAD-02389-000', 'CADEIRA OPERACIONAL PARA ESCRITA, ESPALDAR MÉDIO, BASE FIXA CONTÍNUA, COR PRETA COM VERDE', 'NÃO'),
('CAD-02390-000', 'CADEIRA OPERACIONAL PARA ESCRITA, ESPALDAR MÉDIO, BASE FIXA CONTÍNUA, COR PRETA COM VERDE', 'NÃO'),
('CAD-02391-000', 'CADEIRA OPERACIONAL PARA ESCRITA, ESPALDAR MÉDIO, BASE FIXA CONTÍNUA, COR PRETA COM VERDE', 'NÃO'),
('CAD-02392-000', 'CADEIRA OPERACIONAL PARA ESCRITA, ESPALDAR MÉDIO, BASE FIXA CONTÍNUA, COR PRETA COM VERDE', 'NÃO'),
('CAD-02393-000', 'CADEIRA OPERACIONAL PARA ESCRITA, ESPALDAR MÉDIO, BASE FIXA CONTÍNUA, COR PRETA COM VERDE', 'NÃO'),
('CAD-02394-000', 'CADEIRA OPERACIONAL PARA ESCRITA, ESPALDAR MÉDIO, BASE FIXA CONTÍNUA, COR PRETA COM VERDE', 'NÃO'),
('CAD-02395-000', 'CADEIRA OPERACIONAL PARA ESCRITA, ESPALDAR MÉDIO, BASE FIXA CONTÍNUA, COR PRETA COM VERDE', 'NÃO'),
('CAD-02396-000', 'CADEIRA OPERACIONAL PARA ESCRITA, ESPALDAR MÉDIO, BASE FIXA CONTÍNUA, COR PRETA COM VERDE', 'NÃO'),
('CAD-02397-000', 'CADEIRA OPERACIONAL PARA ESCRITA, ESPALDAR MÉDIO, BASE FIXA CONTÍNUA, COR PRETA COM VERDE', 'NÃO'),
('CAD-02398-000', 'CADEIRA OPERACIONAL PARA ESCRITA, ESPALDAR MÉDIO, BASE FIXA CONTÍNUA, COR PRETA COM VERDE', 'NÃO'),
('CAD-02399-000', 'CADEIRA OPERACIONAL PARA ESCRITA, ESPALDAR MÉDIO, BASE FIXA CONTÍNUA, COR PRETA COM VERDE', 'NÃO'),
('CAD-02400-000', 'CADEIRA OPERACIONAL PARA ESCRITA, ESPALDAR MÉDIO, BASE FIXA CONTÍNUA, COR PRETA COM VERDE', 'NÃO'),
('CAD-02401-000', 'CADEIRA OPERACIONAL PARA ESCRITA, ESPALDAR MÉDIO, BASE FIXA CONTÍNUA, COR PRETA COM VERDE', 'NÃO'),
('CAD-02402-000', 'CADEIRA OPERACIONAL PARA ESCRITA, ESPALDAR MÉDIO, BASE FIXA CONTÍNUA, COR PRETA COM VERDE', 'NÃO'),
('CAD-02403-000', 'CADEIRA OPERACIONAL PARA ESCRITA, ESPALDAR MÉDIO, BASE FIXA CONTÍNUA, COR PRETA COM VERDE', 'NÃO'),
('CAD-02404-000', 'CADEIRA OPERACIONAL PARA ESCRITA, ESPALDAR MÉDIO, BASE FIXA CONTÍNUA, COR PRETA COM VERDE', 'NÃO'),
('CAD-02405-000', 'CADEIRA OPERACIONAL PARA ESCRITA, ESPALDAR MÉDIO, BASE FIXA CONTÍNUA, COR PRETA COM VERDE', 'NÃO'),
('CAD-02406-000', 'CADEIRA OPERACIONAL PARA ESCRITA, ESPALDAR MÉDIO, BASE FIXA CONTÍNUA, COR PRETA COM VERDE', 'NÃO'),
('CAD-02407-000', 'CADEIRA OPERACIONAL PARA ESCRITA, ESPALDAR MÉDIO, BASE FIXA CONTÍNUA, COR PRETA COM VERDE', 'NÃO'),
('CAD-02408-000', 'CADEIRA OPERACIONAL PARA ESCRITA, ESPALDAR MÉDIO, BASE FIXA CONTÍNUA, COR PRETA COM VERDE', 'NÃO'),
('CAD-02409-000', 'CADEIRA OPERACIONAL PARA ESCRITA, ESPALDAR MÉDIO, BASE FIXA CONTÍNUA, COR PRETA COM VERDE', 'NÃO'),
('CAD-02410-000', 'CADEIRA OPERACIONAL PARA ESCRITA, ESPALDAR MÉDIO, BASE FIXA CONTÍNUA, COR PRETA COM VERDE', 'NÃO'),
('CAD-02411-000', 'CADEIRA OPERACIONAL PARA ESCRITA, ESPALDAR MÉDIO, BASE FIXA CONTÍNUA, COR PRETA COM VERDE', 'NÃO'),
('CAD-02412-000', 'CADEIRA OPERACIONAL PARA ESCRITA, ESPALDAR MÉDIO, BASE FIXA CONTÍNUA, COR PRETA COM VERDE', 'NÃO'),
('CAD-02413-000', 'CADEIRA OPERACIONAL PARA ESCRITA, ESPALDAR MÉDIO, BASE FIXA CONTÍNUA, COR PRETA COM VERDE', 'NÃO'),
('CAD-02414-000', 'CADEIRA OPERACIONAL PARA ESCRITA, ESPALDAR MÉDIO, BASE FIXA CONTÍNUA, COR PRETA COM VERDE', 'NÃO'),
('CAD-02415-000', 'CADEIRA OPERACIONAL PARA ESCRITA, ESPALDAR MÉDIO, BASE FIXA CONTÍNUA, COR PRETA COM VERDE', 'NÃO'),
('CAD-02416-000', 'CADEIRA OPERACIONAL PARA ESCRITA, ESPALDAR MÉDIO, BASE FIXA CONTÍNUA, COR PRETA COM VERDE', 'NÃO'),
('CAD-02417-000', 'CADEIRA OPERACIONAL PARA ESCRITA, ESPALDAR MÉDIO, BASE FIXA CONTÍNUA, COR PRETA COM VERDE', 'NÃO'),
('CAD-02418-000', 'CADEIRA OPERACIONAL PARA ESCRITA, ESPALDAR MÉDIO, BASE FIXA CONTÍNUA, COR PRETA COM VERDE', 'NÃO'),
('CAD-02419-000', 'CADEIRA OPERACIONAL PARA ESCRITA, ESPALDAR MÉDIO, BASE FIXA CONTÍNUA, COR PRETA COM VERDE', 'NÃO'),
('CAD-02420-000', 'CADEIRA OPERACIONAL PARA ESCRITA, ESPALDAR MÉDIO, BASE FIXA CONTÍNUA, COR PRETA COM VERDE', 'NÃO'),
('CAD-02421-000', 'CADEIRA OPERACIONAL PARA ESCRITA, ESPALDAR MÉDIO, BASE FIXA CONTÍNUA, COR PRETA COM VERDE', 'NÃO'),
('CAD-02422-000', 'CADEIRA OPERACIONAL PARA ESCRITA, ESPALDAR MÉDIO, BASE FIXA CONTÍNUA, COR PRETA COM VERDE', 'NÃO'),
('CAD-02423-000', 'CADEIRA OPERACIONAL PARA ESCRITA, ESPALDAR MÉDIO, BASE FIXA CONTÍNUA, COR PRETA COM VERDE', 'NÃO'),
('CAD-02424-000', 'CADEIRA OPERACIONAL PARA ESCRITA, ESPALDAR MÉDIO, BASE FIXA CONTÍNUA, COR PRETA COM VERDE', 'NÃO'),
('CAD-02425-000', 'CADEIRA OPERACIONAL PARA ESCRITA, ESPALDAR MÉDIO, BASE FIXA CONTÍNUA, COR PRETA COM VERDE', 'NÃO'),
('CAD-02426-000', 'CADEIRA OPERACIONAL PARA ESCRITA, ESPALDAR MÉDIO, BASE FIXA CONTÍNUA, COR PRETA COM VERDE', 'NÃO'),
('CAD-02427-000', 'CADEIRA OPERACIONAL PARA ESCRITA, ESPALDAR MÉDIO, BASE FIXA CONTÍNUA, COR PRETA COM VERDE', 'NÃO'),
('CAD-02428-000', 'CADEIRA OPERACIONAL PARA ESCRITA, ESPALDAR MÉDIO, BASE FIXA CONTÍNUA, COR PRETA COM VERDE', 'NÃO'),
('CAD-02429-000', 'CADEIRA OPERACIONAL PARA ESCRITA, ESPALDAR MÉDIO, BASE FIXA CONTÍNUA, COR PRETA COM VERDE', 'NÃO'),
('CAD-02430-000', 'CADEIRA OPERACIONAL PARA ESCRITA, ESPALDAR MÉDIO, BASE FIXA CONTÍNUA, COR PRETA COM VERDE', 'NÃO'),
('CAD-02431-000', 'CADEIRA OPERACIONAL PARA ESCRITA, ESPALDAR MÉDIO, BASE FIXA CONTÍNUA, COR PRETA COM VERDE', 'NÃO'),
('CAD-02432-000', 'CADEIRA OPERACIONAL PARA ESCRITA, ESPALDAR MÉDIO, BASE FIXA CONTÍNUA, COR PRETA COM VERDE', 'NÃO'),
('CAD-02433-000', 'CADEIRA OPERACIONAL PARA ESCRITA, ESPALDAR MÉDIO, BASE FIXA CONTÍNUA, COR PRETA COM VERDE', 'NÃO'),
('CAD-02434-000', 'CADEIRA OPERACIONAL PARA ESCRITA, ESPALDAR MÉDIO, BASE FIXA CONTÍNUA, COR PRETA COM VERDE', 'NÃO'),
('CAD-02435-000', 'CADEIRA OPERACIONAL PARA ESCRITA, ESPALDAR MÉDIO, BASE FIXA CONTÍNUA, COR PRETA COM VERDE', 'NÃO'),
('CAD-02436-000', 'CADEIRA OPERACIONAL PARA ESCRITA, ESPALDAR MÉDIO, BASE FIXA CONTÍNUA, COR PRETA COM VERDE', 'NÃO'),
('CAD-02437-000', 'CADEIRA OPERACIONAL PARA ESCRITA, ESPALDAR MÉDIO, BASE FIXA CONTÍNUA, COR PRETA COM VERDE', 'NÃO'),
('CAD-02438-000', 'CADEIRA OPERACIONAL PARA ESCRITA, ESPALDAR MÉDIO, BASE FIXA CONTÍNUA, COR PRETA COM VERDE', 'NÃO'),
('CAD-02439-000', 'CADEIRA OPERACIONAL PARA ESCRITA, ESPALDAR MÉDIO, BASE FIXA CONTÍNUA, COR PRETA COM VERDE', 'NÃO'),
('CAD-02440-000', 'CADEIRA OPERACIONAL PARA ESCRITA, ESPALDAR MÉDIO, BASE FIXA CONTÍNUA, COR PRETA COM VERDE', 'NÃO'),
('CAD-02441-000', 'CADEIRA OPERACIONAL PARA ESCRITA, ESPALDAR MÉDIO, BASE FIXA CONTÍNUA, COR PRETA COM VERDE', 'NÃO'),
('CAD-02442-000', 'CADEIRA OPERACIONAL PARA ESCRITA, ESPALDAR MÉDIO, BASE FIXA CONTÍNUA, COR PRETA COM VERDE', 'NÃO'),
('CAD-02443-000', 'CADEIRA OPERACIONAL PARA ESCRITA, ESPALDAR MÉDIO, BASE FIXA CONTÍNUA, COR PRETA COM VERDE', 'NÃO'),
('CAD-02444-000', 'CADEIRA OPERACIONAL PARA ESCRITA, ESPALDAR MÉDIO, BASE FIXA CONTÍNUA, COR PRETA COM VERDE', 'NÃO'),
('CAD-02445-000', 'CADEIRA OPERACIONAL PARA ESCRITA, ESPALDAR MÉDIO, BASE FIXA CONTÍNUA, COR PRETA COM VERDE', 'NÃO'),
('CAD-02446-000', 'CADEIRA OPERACIONAL PARA ESCRITA, ESPALDAR MÉDIO, BASE FIXA CONTÍNUA, COR PRETA COM VERDE', 'NÃO'),
('CAD-02447-000', 'CADEIRA OPERACIONAL PARA ESCRITA, ESPALDAR MÉDIO, BASE FIXA CONTÍNUA, COR PRETA COM VERDE', 'NÃO'),
('CAD-02448-000', 'CADEIRA OPERACIONAL PARA ESCRITA, ESPALDAR MÉDIO, BASE FIXA CONTÍNUA, COR PRETA COM VERDE', 'NÃO'),
('CAD-02449-000', 'CADEIRA OPERACIONAL PARA ESCRITA, ESPALDAR MÉDIO, BASE FIXA CONTÍNUA, COR PRETA COM VERDE', 'NÃO'),
('CAD-02450-000', 'CADEIRA OPERACIONAL PARA ESCRITA, ESPALDAR MÉDIO, BASE FIXA CONTÍNUA, COR PRETA COM VERDE', 'NÃO'),
('CAD-02451-000', 'CADEIRA OPERACIONAL PARA ESCRITA, ESPALDAR MÉDIO, BASE FIXA CONTÍNUA, COR PRETA COM VERDE', 'NÃO'),
('CAD-02452-000', 'CADEIRA OPERACIONAL PARA ESCRITA, ESPALDAR MÉDIO, BASE FIXA CONTÍNUA, COR PRETA COM VERDE', 'NÃO'),
('CAD-02453-000', 'CADEIRA OPERACIONAL PARA ESCRITA, ESPALDAR MÉDIO, BASE FIXA CONTÍNUA, COR PRETA COM VERDE', 'NÃO'),
('CAD-02454-000', 'CADEIRA OPERACIONAL PARA ESCRITA, ESPALDAR MÉDIO, BASE FIXA CONTÍNUA, COR PRETA COM VERDE', 'NÃO'),
('CAD-02455-000', 'CADEIRA OPERACIONAL PARA ESCRITA, ESPALDAR MÉDIO, BASE FIXA CONTÍNUA, COR PRETA COM VERDE', 'NÃO'),
('CAD-02456-000', 'CADEIRA OPERACIONAL PARA ESCRITA, ESPALDAR MÉDIO, BASE FIXA CONTÍNUA, COR PRETA COM VERDE', 'NÃO'),
('CAD-02457-000', 'CADEIRA OPERACIONAL PARA ESCRITA, ESPALDAR MÉDIO, BASE FIXA CONTÍNUA, COR PRETA COM VERDE', 'NÃO'),
('CAD-02458-000', 'CADEIRA OPERACIONAL PARA ESCRITA, ESPALDAR MÉDIO, BASE FIXA CONTÍNUA, COR PRETA COM VERDE', 'NÃO'),
('CAD-02459-000', 'CADEIRA OPERACIONAL PARA ESCRITA, ESPALDAR MÉDIO, BASE FIXA CONTÍNUA, COR PRETA COM VERDE', 'NÃO'),
('CAD-02460-000', 'CADEIRA OPERACIONAL PARA ESCRITA, ESPALDAR MÉDIO, BASE FIXA CONTÍNUA, COR PRETA COM VERDE', 'NÃO'),
('CAD-02461-000', 'CADEIRA OPERACIONAL PARA ESCRITA, ESPALDAR MÉDIO, BASE FIXA CONTÍNUA, COR PRETA COM VERDE', 'NÃO'),
('CAD-02462-000', 'CADEIRA OPERACIONAL PARA ESCRITA, ESPALDAR MÉDIO, BASE FIXA CONTÍNUA, COR PRETA COM VERDE', 'NÃO'),
('CAD-02463-000', 'CADEIRA OPERACIONAL PARA ESCRITA, ESPALDAR MÉDIO, BASE FIXA CONTÍNUA, COR PRETA COM VERDE', 'NÃO'),
('CAD-02464-000', 'CADEIRA OPERACIONAL PARA ESCRITA, ESPALDAR MÉDIO, BASE FIXA CONTÍNUA, COR PRETA COM VERDE', 'NÃO'),
('CAD-02465-000', 'CADEIRA OPERACIONAL PARA ESCRITA, ESPALDAR MÉDIO, BASE FIXA CONTÍNUA, COR PRETA COM VERDE', 'NÃO');
INSERT INTO `bem` (`sapiens`, `descricao`, `tombado`) VALUES
('CAD-02466-000', 'CADEIRA OPERACIONAL PARA ESCRITA, ESPALDAR MÉDIO, BASE FIXA CONTÍNUA, COR PRETA COM VERDE', 'NÃO'),
('CAD-02467-000', 'CADEIRA OPERACIONAL PARA ESCRITA, ESPALDAR MÉDIO, BASE FIXA CONTÍNUA, COR PRETA COM VERDE', 'NÃO'),
('CAD-02468-000', 'CADEIRA OPERACIONAL PARA ESCRITA, ESPALDAR MÉDIO, BASE FIXA CONTÍNUA, COR PRETA COM VERDE', 'NÃO'),
('CAD-02469-000', 'CADEIRA OPERACIONAL PARA ESCRITA, ESPALDAR MÉDIO, BASE FIXA CONTÍNUA, COR PRETA COM VERDE', 'NÃO'),
('CAD-02470-000', 'CADEIRA OPERACIONAL PARA ESCRITA, ESPALDAR MÉDIO, BASE FIXA CONTÍNUA, COR PRETA COM VERDE', 'NÃO'),
('CAD-02471-000', 'CADEIRA OPERACIONAL PARA ESCRITA, ESPALDAR MÉDIO, BASE FIXA CONTÍNUA, COR PRETA COM VERDE', 'NÃO'),
('CAD-02472-000', 'CADEIRA OPERACIONAL PARA ESCRITA, ESPALDAR MÉDIO, BASE FIXA CONTÍNUA, COR PRETA COM VERDE', 'NÃO'),
('CAD-02473-000', 'CADEIRA OPERACIONAL PARA ESCRITA, ESPALDAR MÉDIO, BASE FIXA CONTÍNUA, COR PRETA COM VERDE', 'NÃO'),
('CAD-02474-000', 'CADEIRA OPERACIONAL PARA ESCRITA, ESPALDAR MÉDIO, BASE FIXA CONTÍNUA, COR PRETA COM VERDE', 'NÃO'),
('CAD-02475-000', 'CADEIRA OPERACIONAL PARA ESCRITA, ESPALDAR MÉDIO, BASE FIXA CONTÍNUA, COR PRETA COM VERDE', 'NÃO'),
('CAD-02476-000', 'CADEIRA OPERACIONAL PARA ESCRITA, ESPALDAR MÉDIO, BASE FIXA CONTÍNUA, COR PRETA COM VERDE', 'NÃO'),
('CAD-02477-000', 'CADEIRA OPERACIONAL PARA ESCRITA, ESPALDAR MÉDIO, BASE FIXA CONTÍNUA, COR PRETA COM VERDE', 'NÃO'),
('CAD-02478-000', 'CADEIRA OPERACIONAL PARA ESCRITA, ESPALDAR MÉDIO, BASE FIXA CONTÍNUA, COR PRETA COM VERDE', 'NÃO'),
('CAD-02479-000', 'CADEIRA OPERACIONAL PARA ESCRITA, ESPALDAR MÉDIO, BASE FIXA CONTÍNUA, COR PRETA COM VERDE', 'NÃO'),
('CAD-02480-000', 'CADEIRA OPERACIONAL PARA ESCRITA, ESPALDAR MÉDIO, BASE FIXA CONTÍNUA, COR PRETA COM VERDE', 'NÃO'),
('CAD-02481-000', 'CADEIRA OPERACIONAL PARA ESCRITA, ESPALDAR MÉDIO, BASE FIXA CONTÍNUA, COR PRETA COM VERDE', 'NÃO'),
('CAD-02482-000', 'CADEIRA OPERACIONAL PARA ESCRITA, ESPALDAR MÉDIO, BASE FIXA CONTÍNUA, COR PRETA COM VERDE', 'NÃO'),
('CAD-02483-000', 'CADEIRA OPERACIONAL PARA ESCRITA, ESPALDAR MÉDIO, BASE FIXA CONTÍNUA, COR PRETA COM VERDE', 'NÃO'),
('CAD-02484-000', 'CADEIRA OPERACIONAL PARA ESCRITA, ESPALDAR MÉDIO, BASE FIXA CONTÍNUA, COR PRETA COM VERDE', 'NÃO'),
('CAD-02485-000', 'CADEIRA OPERACIONAL PARA ESCRITA, ESPALDAR MÉDIO, BASE FIXA CONTÍNUA, COR PRETA COM VERDE', 'NÃO'),
('CAD-02486-000', 'CADEIRA OPERACIONAL PARA ESCRITA, ESPALDAR MÉDIO, BASE FIXA CONTÍNUA, COR PRETA COM VERDE', 'NÃO'),
('CAD-02487-000', 'CADEIRA OPERACIONAL PARA ESCRITA, ESPALDAR MÉDIO, BASE FIXA CONTÍNUA, COR PRETA COM VERDE', 'NÃO'),
('CAD-02488-000', 'CADEIRA OPERACIONAL PARA ESCRITA, ESPALDAR MÉDIO, BASE FIXA CONTÍNUA, COR PRETA COM VERDE', 'NÃO'),
('CAD-02489-000', 'CADEIRA OPERACIONAL PARA ESCRITA, ESPALDAR MÉDIO, BASE FIXA CONTÍNUA, COR PRETA COM VERDE', 'NÃO'),
('CAD-02490-000', 'CADEIRA OPERACIONAL PARA ESCRITA, ESPALDAR MÉDIO, BASE FIXA CONTÍNUA, COR PRETA COM VERDE', 'NÃO'),
('CAD-02491-000', 'CADEIRA OPERACIONAL PARA ESCRITA, ESPALDAR MÉDIO, BASE FIXA CONTÍNUA, COR PRETA COM VERDE', 'NÃO'),
('CAD-02492-000', 'CADEIRA OPERACIONAL PARA ESCRITA, ESPALDAR MÉDIO, BASE FIXA CONTÍNUA, COR PRETA COM VERDE', 'NÃO'),
('CAD-02493-000', 'CADEIRA OPERACIONAL PARA ESCRITA, ESPALDAR MÉDIO, BASE FIXA CONTÍNUA, COR PRETA COM VERDE', 'NÃO'),
('CAD-02494-000', 'CADEIRA OPERACIONAL PARA ESCRITA, ESPALDAR MÉDIO, BASE FIXA CONTÍNUA, COR PRETA COM VERDE', 'NÃO'),
('CAD-02495-000', 'CADEIRA OPERACIONAL PARA ESCRITA, ESPALDAR MÉDIO, BASE FIXA CONTÍNUA, COR PRETA COM VERDE', 'NÃO'),
('CAD-02496-000', 'CADEIRA OPERACIONAL PARA ESCRITA, ESPALDAR MÉDIO, BASE FIXA CONTÍNUA, COR PRETA COM VERDE', 'NÃO'),
('CAD-02497-000', 'CADEIRA OPERACIONAL PARA ESCRITA, ESPALDAR MÉDIO, BASE FIXA CONTÍNUA, COR PRETA COM VERDE', 'NÃO'),
('CAD-02498-000', 'CADEIRA OPERACIONAL PARA ESCRITA, ESPALDAR MÉDIO, BASE FIXA CONTÍNUA, COR PRETA COM VERDE', 'NÃO'),
('CAD-02499-000', 'CADEIRA OPERACIONAL PARA ESCRITA, ESPALDAR MÉDIO, BASE FIXA CONTÍNUA, COR PRETA COM VERDE', 'NÃO'),
('CAD-02500-000', 'CADEIRA OPERACIONAL PARA ESCRITA, ESPALDAR MÉDIO, BASE FIXA CONTÍNUA, COR PRETA COM VERDE', 'NÃO'),
('CAD-02501-000', 'CADEIRA OPERACIONAL PARA ESCRITA, ESPALDAR MÉDIO, BASE FIXA CONTÍNUA, COR PRETA COM VERDE', 'NÃO'),
('CAD-02502-000', 'CADEIRA OPERACIONAL PARA ESCRITA, ESPALDAR MÉDIO, BASE FIXA CONTÍNUA, COR PRETA COM VERDE', 'NÃO'),
('CAD-02503-000', 'CADEIRA OPERACIONAL PARA ESCRITA, ESPALDAR MÉDIO, BASE FIXA CONTÍNUA, COR PRETA COM VERDE', 'NÃO'),
('CAD-02504-000', 'CADEIRA OPERACIONAL PARA ESCRITA, ESPALDAR MÉDIO, BASE FIXA CONTÍNUA, COR PRETA COM VERDE', 'NÃO'),
('CAD-02505-000', 'CADEIRA OPERACIONAL PARA ESCRITA, ESPALDAR MÉDIO, BASE FIXA CONTÍNUA, COR PRETA COM VERDE', 'NÃO'),
('CAD-02506-000', 'CADEIRA OPERACIONAL PARA ESCRITA, ESPALDAR MÉDIO, BASE FIXA CONTÍNUA, COR PRETA COM VERDE', 'NÃO'),
('CAD-02507-000', 'CADEIRA OPERACIONAL PARA ESCRITA, ESPALDAR MÉDIO, BASE FIXA CONTÍNUA, COR PRETA COM VERDE', 'NÃO'),
('CAD-02508-000', 'CADEIRA OPERACIONAL PARA ESCRITA, ESPALDAR MÉDIO, BASE FIXA CONTÍNUA, COR PRETA COM VERDE', 'NÃO'),
('CAD-02509-000', 'CADEIRA OPERACIONAL PARA ESCRITA, ESPALDAR MÉDIO, BASE FIXA CONTÍNUA, COR PRETA COM VERDE', 'NÃO'),
('CAD-02510-000', 'CADEIRA OPERACIONAL PARA ESCRITA, ESPALDAR MÉDIO, BASE FIXA CONTÍNUA, COR PRETA COM VERDE', 'NÃO'),
('CAD-02511-000', 'CADEIRA OPERACIONAL PARA ESCRITA, ESPALDAR MÉDIO, BASE FIXA CONTÍNUA, COR PRETA COM VERDE', 'NÃO'),
('CAD-02512-000', 'CADEIRA OPERACIONAL PARA ESCRITA, ESPALDAR MÉDIO, BASE FIXA CONTÍNUA, COR PRETA COM VERDE', 'NÃO'),
('CAD-02513-000', 'CADEIRA OPERACIONAL PARA ESCRITA, ESPALDAR MÉDIO, BASE FIXA CONTÍNUA, COR PRETA COM VERDE', 'NÃO'),
('CAD-02514-000', 'CADEIRA OPERACIONAL PARA ESCRITA, ESPALDAR MÉDIO, BASE FIXA CONTÍNUA, COR PRETA COM VERDE', 'NÃO'),
('CAD-02515-000', 'CADEIRA OPERACIONAL PARA ESCRITA, ESPALDAR MÉDIO, BASE FIXA CONTÍNUA, COR PRETA COM VERDE', 'NÃO'),
('CAD-02516-000', 'CADEIRA OPERACIONAL PARA ESCRITA, ESPALDAR MÉDIO, BASE FIXA CONTÍNUA, COR PRETA COM VERDE', 'NÃO'),
('CAD-02517-000', 'CADEIRA OPERACIONAL PARA ESCRITA, ESPALDAR MÉDIO, BASE FIXA CONTÍNUA, COR PRETA COM VERDE', 'NÃO'),
('CAD-02518-000', 'CADEIRA OPERACIONAL PARA ESCRITA, ESPALDAR MÉDIO, BASE FIXA CONTÍNUA, COR PRETA COM VERDE', 'NÃO'),
('CAD-02519-000', 'CADEIRA OPERACIONAL PARA ESCRITA, ESPALDAR MÉDIO, BASE FIXA CONTÍNUA, COR PRETA COM VERDE', 'NÃO'),
('CAD-02520-000', 'CADEIRA OPERACIONAL PARA ESCRITA, ESPALDAR MÉDIO, BASE FIXA CONTÍNUA, COR PRETA COM VERDE', 'NÃO'),
('CAD-02521-000', 'CADEIRA OPERACIONAL PARA ESCRITA, ESPALDAR MÉDIO, BASE FIXA CONTÍNUA, COR PRETA COM VERDE', 'NÃO'),
('CAD-02522-000', 'CADEIRA OPERACIONAL PARA ESCRITA, ESPALDAR MÉDIO, BASE FIXA CONTÍNUA, COR PRETA COM VERDE', 'NÃO'),
('CAD-02523-000', 'CADEIRA OPERACIONAL PARA ESCRITA, ESPALDAR MÉDIO, BASE FIXA CONTÍNUA, COR PRETA COM VERDE', 'NÃO'),
('CAD-02524-000', 'CADEIRA OPERACIONAL PARA ESCRITA, ESPALDAR MÉDIO, BASE FIXA CONTÍNUA, COR PRETA COM VERDE', 'NÃO'),
('CAD-02525-000', 'CADEIRA OPERACIONAL PARA ESCRITA, ESPALDAR MÉDIO, BASE FIXA CONTÍNUA, COR PRETA COM VERDE', 'NÃO'),
('CAD-02526-000', 'CADEIRA OPERACIONAL PARA ESCRITA, ESPALDAR MÉDIO, BASE FIXA CONTÍNUA, COR PRETA COM VERDE', 'NÃO'),
('CAD-02527-000', 'LONGARINA DE ESPERA ASSENTO E ENCOSTO TIPO CONCHA MONOBLOCO ESPALDAR', 'NÃO'),
('CAD-02528-000', 'LONGARINA DE ESPERA ASSENTO E ENCOSTO TIPO CONCHA MONOBLOCO ESPALDAR', 'NÃO'),
('CAD-02529-000', 'LONGARINA DE ESPERA ASSENTO E ENCOSTO TIPO CONCHA MONOBLOCO ESPALDAR', 'NÃO'),
('CAD-02530-000', 'CADEIRA TECIDO, BASE FIXA TRAPEZOIDAL FIXA, MODELO INTERLOCUTOR, BRAÇOS FIXOS, COR PRETA COM VERDE', 'NÃO'),
('CAD-02531-000', 'CADEIRA TECIDO, BASE FIXA TRAPEZOIDAL FIXA, MODELO INTERLOCUTOR, BRAÇOS FIXOS, COR PRETA COM VERDE', 'NÃO'),
('CAD-02532-000', 'CADEIRA TECIDO, BASE FIXA TRAPEZOIDAL FIXA, MODELO INTERLOCUTOR, BRAÇOS FIXOS, COR PRETA COM VERDE', 'NÃO'),
('CAD-02533-000', 'CADEIRA TECIDO, BASE FIXA TRAPEZOIDAL FIXA, MODELO INTERLOCUTOR, BRAÇOS FIXOS, COR PRETA COM VERDE', 'NÃO'),
('CAD-02534-000', 'CADEIRA TECIDO, BASE FIXA TRAPEZOIDAL FIXA, MODELO INTERLOCUTOR, BRAÇOS FIXOS, COR PRETA COM VERDE', 'NÃO'),
('CAD-02535-000', 'CADEIRA TECIDO, BASE FIXA TRAPEZOIDAL FIXA, MODELO INTERLOCUTOR, BRAÇOS FIXOS, COR PRETA COM VERDE', 'NÃO'),
('CAD-02536-000', 'CADEIRA TECIDO, BASE FIXA TRAPEZOIDAL FIXA, MODELO INTERLOCUTOR, BRAÇOS FIXOS, COR PRETA COM VERDE', 'NÃO'),
('CAD-02537-000', 'CADEIRA TECIDO, BASE FIXA TRAPEZOIDAL FIXA, MODELO INTERLOCUTOR, BRAÇOS FIXOS, COR PRETA COM VERDE', 'NÃO'),
('CAD-02538-000', 'CADEIRA TECIDO, BASE FIXA TRAPEZOIDAL FIXA, MODELO INTERLOCUTOR, BRAÇOS FIXOS, COR PRETA COM VERDE', 'NÃO'),
('CAD-02539-000', 'CADEIRA TECIDO, BASE FIXA TRAPEZOIDAL FIXA, MODELO INTERLOCUTOR, BRAÇOS FIXOS, COR PRETA COM VERDE', 'NÃO'),
('CAD-02540-000', 'CADEIRA TECIDO, BASE FIXA TRAPEZOIDAL FIXA, MODELO INTERLOCUTOR, BRAÇOS FIXOS, COR PRETA COM VERDE', 'NÃO'),
('CAD-02541-000', 'CADEIRA TECIDO, BASE FIXA TRAPEZOIDAL FIXA, MODELO INTERLOCUTOR, BRAÇOS FIXOS, COR PRETA COM VERDE', 'NÃO'),
('CAD-02542-000', 'CADEIRA TECIDO, BASE FIXA TRAPEZOIDAL FIXA, MODELO INTERLOCUTOR, BRAÇOS FIXOS, COR PRETA COM VERDE', 'NÃO'),
('CAD-02543-000', 'CADEIRA TECIDO, BASE FIXA TRAPEZOIDAL FIXA, MODELO INTERLOCUTOR, BRAÇOS FIXOS, COR PRETA COM VERDE', 'NÃO'),
('CAD-02544-000', 'CADEIRA TECIDO, BASE FIXA TRAPEZOIDAL FIXA, MODELO INTERLOCUTOR, BRAÇOS FIXOS, COR PRETA COM VERDE', 'NÃO'),
('CAD-02545-000', 'CADEIRA TECIDO, BASE FIXA TRAPEZOIDAL FIXA, MODELO INTERLOCUTOR, BRAÇOS FIXOS, COR PRETA COM VERDE', 'NÃO'),
('CAD-02546-000', 'CADEIRA TECIDO, BASE FIXA TRAPEZOIDAL FIXA, MODELO INTERLOCUTOR, BRAÇOS FIXOS, COR PRETA COM VERDE', 'NÃO'),
('CAD-02547-000', 'CADEIRA TECIDO, BASE FIXA TRAPEZOIDAL FIXA, MODELO INTERLOCUTOR, BRAÇOS FIXOS, COR PRETA COM VERDE', 'NÃO'),
('CAD-02548-000', 'CADEIRA TECIDO, BASE FIXA TRAPEZOIDAL FIXA, MODELO INTERLOCUTOR, BRAÇOS FIXOS, COR PRETA COM VERDE', 'NÃO'),
('CAD-02549-000', 'CADEIRA TECIDO, BASE FIXA TRAPEZOIDAL FIXA, MODELO INTERLOCUTOR, BRAÇOS FIXOS, COR PRETA COM VERDE', 'NÃO'),
('CAD-02550-000', 'CADEIRA TECIDO, BASE FIXA TRAPEZOIDAL FIXA, MODELO INTERLOCUTOR, BRAÇOS FIXOS, COR PRETA COM VERDE', 'NÃO'),
('CAD-02551-000', 'CADEIRA TECIDO, BASE FIXA TRAPEZOIDAL FIXA, MODELO INTERLOCUTOR, BRAÇOS FIXOS, COR PRETA COM VERDE', 'NÃO'),
('CAD-02552-000', 'CADEIRA TECIDO, BASE FIXA TRAPEZOIDAL FIXA, MODELO INTERLOCUTOR, BRAÇOS FIXOS, COR PRETA COM VERDE', 'NÃO'),
('CAD-02553-000', 'CADEIRA TECIDO, BASE FIXA TRAPEZOIDAL FIXA, MODELO INTERLOCUTOR, BRAÇOS FIXOS, COR PRETA COM VERDE', 'NÃO'),
('CAD-02554-000', 'CADEIRA TECIDO, BASE FIXA TRAPEZOIDAL FIXA, MODELO INTERLOCUTOR, BRAÇOS FIXOS, COR PRETA COM VERDE', 'NÃO'),
('CAD-02555-000', 'CADEIRA TECIDO, BASE FIXA TRAPEZOIDAL FIXA, MODELO INTERLOCUTOR, BRAÇOS FIXOS, COR PRETA COM VERDE', 'NÃO'),
('CAD-02556-000', 'CADEIRA TECIDO, BASE FIXA TRAPEZOIDAL FIXA, MODELO INTERLOCUTOR, BRAÇOS FIXOS, COR PRETA COM VERDE', 'NÃO'),
('CAD-02557-000', 'CADEIRA TECIDO, BASE FIXA TRAPEZOIDAL FIXA, MODELO INTERLOCUTOR, BRAÇOS FIXOS, COR PRETA COM VERDE', 'NÃO'),
('CAD-02558-000', 'CADEIRA TECIDO, BASE FIXA TRAPEZOIDAL FIXA, MODELO INTERLOCUTOR, BRAÇOS FIXOS, COR PRETA COM VERDE', 'NÃO'),
('CAD-02559-000', 'CADEIRA TECIDO, BASE FIXA TRAPEZOIDAL FIXA, MODELO INTERLOCUTOR, BRAÇOS FIXOS, COR PRETA COM VERDE', 'NÃO'),
('CAD-02560-000', 'CADEIRA TECIDO, BASE FIXA TRAPEZOIDAL FIXA, MODELO INTERLOCUTOR, BRAÇOS FIXOS, COR PRETA COM VERDE', 'NÃO'),
('CAD-02561-000', 'CADEIRA TECIDO, BASE FIXA TRAPEZOIDAL FIXA, MODELO INTERLOCUTOR, BRAÇOS FIXOS, COR PRETA COM VERDE', 'NÃO'),
('CAD-02562-000', 'CADEIRA TECIDO, BASE FIXA TRAPEZOIDAL FIXA, MODELO INTERLOCUTOR, BRAÇOS FIXOS, COR PRETA COM VERDE', 'NÃO'),
('CAD-02563-000', 'CADEIRA TECIDO, BASE FIXA TRAPEZOIDAL FIXA, MODELO INTERLOCUTOR, BRAÇOS FIXOS, COR PRETA COM VERDE', 'NÃO'),
('CAD-02564-000', 'CADEIRA TECIDO, BASE FIXA TRAPEZOIDAL FIXA, MODELO INTERLOCUTOR, BRAÇOS FIXOS, COR PRETA COM VERDE', 'NÃO'),
('CAD-02565-000', 'CADEIRA TECIDO, BASE FIXA TRAPEZOIDAL FIXA, MODELO INTERLOCUTOR, BRAÇOS FIXOS, COR PRETA COM VERDE', 'NÃO'),
('CAD-02566-000', 'CADEIRA TECIDO, BASE FIXA TRAPEZOIDAL FIXA, MODELO INTERLOCUTOR, BRAÇOS FIXOS, COR PRETA COM VERDE', 'NÃO'),
('CAD-02567-000', 'CADEIRA TECIDO, BASE FIXA TRAPEZOIDAL FIXA, MODELO INTERLOCUTOR, BRAÇOS FIXOS, COR PRETA COM VERDE', 'NÃO'),
('CAD-02568-000', 'CADEIRA TECIDO, BASE FIXA TRAPEZOIDAL FIXA, MODELO INTERLOCUTOR, BRAÇOS FIXOS, COR PRETA COM VERDE', 'NÃO'),
('CAD-02569-000', 'CADEIRA TECIDO, BASE FIXA TRAPEZOIDAL FIXA, MODELO INTERLOCUTOR, BRAÇOS FIXOS, COR PRETA COM VERDE', 'NÃO'),
('CAD-02570-000', 'CADEIRA TECIDO, BASE FIXA TRAPEZOIDAL FIXA, MODELO INTERLOCUTOR, BRAÇOS FIXOS, COR PRETA COM VERDE', 'NÃO'),
('CAD-02571-000', 'CADEIRA TECIDO, BASE FIXA TRAPEZOIDAL FIXA, MODELO INTERLOCUTOR, BRAÇOS FIXOS, COR PRETA COM VERDE', 'NÃO'),
('CAD-02572-000', 'CADEIRA TECIDO, BASE FIXA TRAPEZOIDAL FIXA, MODELO INTERLOCUTOR, BRAÇOS FIXOS, COR PRETA COM VERDE', 'NÃO'),
('CAD-02573-000', 'CADEIRA TECIDO, BASE FIXA TRAPEZOIDAL FIXA, MODELO INTERLOCUTOR, BRAÇOS FIXOS, COR PRETA COM VERDE', 'NÃO'),
('CAD-02574-000', 'CADEIRA TECIDO, BASE FIXA TRAPEZOIDAL FIXA, MODELO INTERLOCUTOR, BRAÇOS FIXOS, COR PRETA COM VERDE', 'NÃO'),
('CAD-02575-000', 'CADEIRA TECIDO, BASE FIXA TRAPEZOIDAL FIXA, MODELO INTERLOCUTOR, BRAÇOS FIXOS, COR PRETA COM VERDE', 'NÃO'),
('CAD-02576-000', 'CADEIRA TECIDO, BASE FIXA TRAPEZOIDAL FIXA, MODELO INTERLOCUTOR, BRAÇOS FIXOS, COR PRETA COM VERDE', 'NÃO'),
('CAD-02577-000', 'CADEIRA TECIDO, BASE FIXA TRAPEZOIDAL FIXA, MODELO INTERLOCUTOR, BRAÇOS FIXOS, COR PRETA COM VERDE', 'NÃO'),
('CAD-02578-000', 'CADEIRA TECIDO, BASE FIXA TRAPEZOIDAL FIXA, MODELO INTERLOCUTOR, BRAÇOS FIXOS, COR PRETA COM VERDE', 'NÃO'),
('CAD-02579-000', 'CADEIRA TECIDO, BASE FIXA TRAPEZOIDAL FIXA, MODELO INTERLOCUTOR, BRAÇOS FIXOS, COR PRETA COM VERDE', 'NÃO'),
('CAD-02580-000', 'CADEIRA TECIDO, BASE FIXA TRAPEZOIDAL FIXA, MODELO INTERLOCUTOR, BRAÇOS FIXOS, COR PRETA COM VERDE', 'NÃO'),
('CAD-02581-000', 'CADEIRA TECIDO, BASE FIXA TRAPEZOIDAL FIXA, MODELO INTERLOCUTOR, BRAÇOS FIXOS, COR PRETA COM VERDE', 'NÃO'),
('CAD-02582-000', 'CADEIRA TECIDO, BASE FIXA TRAPEZOIDAL FIXA, MODELO INTERLOCUTOR, BRAÇOS FIXOS, COR PRETA COM VERDE', 'NÃO'),
('CAD-02583-000', 'CADEIRA TECIDO, BASE FIXA TRAPEZOIDAL FIXA, MODELO INTERLOCUTOR, BRAÇOS FIXOS, COR PRETA COM VERDE', 'NÃO'),
('CAD-02584-000', 'CADEIRA TECIDO, BASE FIXA TRAPEZOIDAL FIXA, MODELO INTERLOCUTOR, BRAÇOS FIXOS, COR PRETA COM VERDE', 'NÃO'),
('CAD-02585-000', 'CADEIRA TECIDO, BASE FIXA TRAPEZOIDAL FIXA, MODELO INTERLOCUTOR, BRAÇOS FIXOS, COR PRETA COM VERDE', 'NÃO'),
('CAD-02586-000', 'CADEIRA TECIDO, BASE FIXA TRAPEZOIDAL FIXA, MODELO INTERLOCUTOR, BRAÇOS FIXOS, COR PRETA COM VERDE', 'NÃO'),
('CAD-02587-000', 'CADEIRA TECIDO, BASE FIXA TRAPEZOIDAL FIXA, MODELO INTERLOCUTOR, BRAÇOS FIXOS, COR PRETA COM VERDE', 'NÃO'),
('CAD-02588-000', 'CADEIRA TECIDO, BASE FIXA TRAPEZOIDAL FIXA, MODELO INTERLOCUTOR, BRAÇOS FIXOS, COR PRETA COM VERDE', 'NÃO'),
('CAD-02589-000', 'CADEIRA TECIDO, BASE FIXA TRAPEZOIDAL FIXA, MODELO INTERLOCUTOR, BRAÇOS FIXOS, COR PRETA COM VERDE', 'NÃO'),
('CAD-02590-000', 'CADEIRA TECIDO, BASE FIXA TRAPEZOIDAL FIXA, MODELO INTERLOCUTOR, BRAÇOS FIXOS, COR PRETA COM VERDE', 'NÃO'),
('CAD-02591-000', 'CADEIRA TECIDO, BASE FIXA TRAPEZOIDAL FIXA, MODELO INTERLOCUTOR, BRAÇOS FIXOS, COR PRETA COM VERDE', 'NÃO'),
('CAD-02592-000', 'CADEIRA TECIDO, BASE FIXA TRAPEZOIDAL FIXA, MODELO INTERLOCUTOR, BRAÇOS FIXOS, COR PRETA COM VERDE', 'NÃO'),
('CAD-02593-000', 'CADEIRA TECIDO, BASE FIXA TRAPEZOIDAL FIXA, MODELO INTERLOCUTOR, BRAÇOS FIXOS, COR PRETA COM VERDE', 'NÃO'),
('CAD-02594-000', 'CADEIRA TECIDO, BASE FIXA TRAPEZOIDAL FIXA, MODELO INTERLOCUTOR, BRAÇOS FIXOS, COR PRETA COM VERDE', 'NÃO'),
('CAD-02595-000', 'CADEIRA TECIDO, BASE FIXA TRAPEZOIDAL FIXA, MODELO INTERLOCUTOR, BRAÇOS FIXOS, COR PRETA COM VERDE', 'NÃO'),
('CAD-02596-000', 'CADEIRA TECIDO, BASE FIXA TRAPEZOIDAL FIXA, MODELO INTERLOCUTOR, BRAÇOS FIXOS, COR PRETA COM VERDE', 'NÃO'),
('CAD-02597-000', 'CADEIRA TECIDO, BASE FIXA TRAPEZOIDAL FIXA, MODELO INTERLOCUTOR, BRAÇOS FIXOS, COR PRETA COM VERDE', 'NÃO'),
('CAD-02598-000', 'CADEIRA TECIDO, BASE FIXA TRAPEZOIDAL FIXA, MODELO INTERLOCUTOR, BRAÇOS FIXOS, COR PRETA COM VERDE', 'NÃO'),
('CAD-02599-000', 'CADEIRA TECIDO, BASE FIXA TRAPEZOIDAL FIXA, MODELO INTERLOCUTOR, BRAÇOS FIXOS, COR PRETA COM VERDE', 'NÃO'),
('CAD-02600-000', 'CADEIRA TECIDO, BASE FIXA TRAPEZOIDAL FIXA, MODELO INTERLOCUTOR, BRAÇOS FIXOS, COR PRETA COM VERDE', 'NÃO'),
('CAD-02601-000', 'CADEIRA TECIDO, BASE FIXA TRAPEZOIDAL FIXA, MODELO INTERLOCUTOR, BRAÇOS FIXOS, COR PRETA COM VERDE', 'NÃO'),
('CAD-02602-000', 'CADEIRA TECIDO, BASE FIXA TRAPEZOIDAL FIXA, MODELO INTERLOCUTOR, BRAÇOS FIXOS, COR PRETA COM VERDE', 'NÃO'),
('CAD-02603-000', 'CADEIRA TECIDO, BASE FIXA TRAPEZOIDAL FIXA, MODELO INTERLOCUTOR, BRAÇOS FIXOS, COR PRETA COM VERDE', 'NÃO'),
('CAD-02604-000', 'CADEIRA TECIDO, BASE FIXA TRAPEZOIDAL FIXA, MODELO INTERLOCUTOR, BRAÇOS FIXOS, COR PRETA COM VERDE', 'NÃO'),
('CAD-02605-000', 'CADEIRA TECIDO, BASE FIXA TRAPEZOIDAL FIXA, MODELO INTERLOCUTOR, BRAÇOS FIXOS, COR PRETA COM VERDE', 'NÃO'),
('CAD-02606-000', 'CADEIRA TECIDO, BASE FIXA TRAPEZOIDAL FIXA, MODELO INTERLOCUTOR, BRAÇOS FIXOS, COR PRETA COM VERDE', 'NÃO'),
('CAD-02607-000', 'CADEIRA TECIDO, BASE FIXA TRAPEZOIDAL FIXA, MODELO INTERLOCUTOR, BRAÇOS FIXOS, COR PRETA COM VERDE', 'NÃO'),
('CAD-02608-000', 'CADEIRA TECIDO, BASE FIXA TRAPEZOIDAL FIXA, MODELO INTERLOCUTOR, BRAÇOS FIXOS, COR PRETA COM VERDE', 'NÃO'),
('CAD-02609-000', 'CADEIRA TECIDO, BASE FIXA TRAPEZOIDAL FIXA, MODELO INTERLOCUTOR, BRAÇOS FIXOS, COR PRETA COM VERDE', 'NÃO'),
('CAD-02610-000', 'CADEIRA TECIDO, BASE FIXA TRAPEZOIDAL FIXA, MODELO INTERLOCUTOR, BRAÇOS FIXOS, COR PRETA COM VERDE', 'NÃO'),
('CAD-02611-000', 'CADEIRA TECIDO, BASE FIXA TRAPEZOIDAL FIXA, MODELO INTERLOCUTOR, BRAÇOS FIXOS, COR PRETA COM VERDE', 'NÃO'),
('CAD-02612-000', 'CADEIRA TECIDO, BASE FIXA TRAPEZOIDAL FIXA, MODELO INTERLOCUTOR, BRAÇOS FIXOS, COR PRETA COM VERDE', 'NÃO'),
('CAD-02613-000', 'CADEIRA TECIDO, BASE FIXA TRAPEZOIDAL FIXA, MODELO INTERLOCUTOR, BRAÇOS FIXOS, COR PRETA COM VERDE', 'NÃO'),
('CAD-02614-000', 'CADEIRA TECIDO, BASE FIXA TRAPEZOIDAL FIXA, MODELO INTERLOCUTOR, BRAÇOS FIXOS, COR PRETA COM VERDE', 'NÃO'),
('CAD-02615-000', 'CADEIRA TECIDO, BASE FIXA TRAPEZOIDAL FIXA, MODELO INTERLOCUTOR, BRAÇOS FIXOS, COR PRETA COM VERDE', 'NÃO'),
('CAD-02616-000', 'CADEIRA TECIDO, BASE FIXA TRAPEZOIDAL FIXA, MODELO INTERLOCUTOR, BRAÇOS FIXOS, COR PRETA COM VERDE', 'NÃO'),
('CAD-02617-000', 'CADEIRA TECIDO, BASE FIXA TRAPEZOIDAL FIXA, MODELO INTERLOCUTOR, BRAÇOS FIXOS, COR PRETA COM VERDE', 'NÃO'),
('CAD-02618-000', 'CADEIRA TECIDO, BASE FIXA TRAPEZOIDAL FIXA, MODELO INTERLOCUTOR, BRAÇOS FIXOS, COR PRETA COM VERDE', 'NÃO'),
('CAD-02619-000', 'CADEIRA TECIDO, BASE FIXA TRAPEZOIDAL FIXA, MODELO INTERLOCUTOR, BRAÇOS FIXOS, COR PRETA COM VERDE', 'NÃO'),
('CAD-02620-000', 'CADEIRA TECIDO, BASE FIXA TRAPEZOIDAL FIXA, MODELO INTERLOCUTOR, BRAÇOS FIXOS, COR PRETA COM VERDE', 'NÃO'),
('CAD-02621-000', 'CADEIRA TECIDO, BASE FIXA TRAPEZOIDAL FIXA, MODELO INTERLOCUTOR, BRAÇOS FIXOS, COR PRETA COM VERDE', 'NÃO'),
('CAD-02622-000', 'CADEIRA TECIDO, BASE FIXA TRAPEZOIDAL FIXA, MODELO INTERLOCUTOR, BRAÇOS FIXOS, COR PRETA COM VERDE', 'NÃO'),
('CAD-02623-000', 'CADEIRA TECIDO, BASE FIXA TRAPEZOIDAL FIXA, MODELO INTERLOCUTOR, BRAÇOS FIXOS, COR PRETA COM VERDE', 'NÃO'),
('CAD-02624-000', 'CADEIRA TECIDO, BASE FIXA TRAPEZOIDAL FIXA, MODELO INTERLOCUTOR, BRAÇOS FIXOS, COR PRETA COM VERDE', 'NÃO'),
('CAD-02625-000', 'CADEIRA TECIDO, BASE FIXA TRAPEZOIDAL FIXA, MODELO INTERLOCUTOR, BRAÇOS FIXOS, COR PRETA COM VERDE', 'NÃO'),
('CAD-02626-000', 'CADEIRA TECIDO, BASE FIXA TRAPEZOIDAL FIXA, MODELO INTERLOCUTOR, BRAÇOS FIXOS, COR PRETA COM VERDE', 'NÃO'),
('CAD-02627-000', 'CADEIRA TECIDO, BASE FIXA TRAPEZOIDAL FIXA, MODELO INTERLOCUTOR, BRAÇOS FIXOS, COR PRETA COM VERDE', 'NÃO'),
('CAD-02628-000', 'CADEIRA TECIDO, BASE FIXA TRAPEZOIDAL FIXA, MODELO INTERLOCUTOR, BRAÇOS FIXOS, COR PRETA COM VERDE', 'NÃO'),
('CAD-02629-000', 'CADEIRA TECIDO, BASE FIXA TRAPEZOIDAL FIXA, MODELO INTERLOCUTOR, BRAÇOS FIXOS, COR PRETA COM VERDE', 'NÃO'),
('CAD-02630-000', 'CADEIRA TECIDO, BASE FIXA TRAPEZOIDAL FIXA, MODELO INTERLOCUTOR, BRAÇOS FIXOS, COR PRETA COM VERDE', 'NÃO'),
('CAD-02631-000', 'CADEIRA TECIDO, BASE FIXA TRAPEZOIDAL FIXA, MODELO INTERLOCUTOR, BRAÇOS FIXOS, COR PRETA COM VERDE', 'NÃO'),
('CAD-02632-000', 'CADEIRA TECIDO, BASE FIXA TRAPEZOIDAL FIXA, MODELO INTERLOCUTOR, BRAÇOS FIXOS, COR PRETA COM VERDE', 'NÃO'),
('CAD-02633-000', 'CADEIRA TECIDO, BASE FIXA TRAPEZOIDAL FIXA, MODELO INTERLOCUTOR, BRAÇOS FIXOS, COR PRETA COM VERDE', 'NÃO'),
('CAD-02634-000', 'CADEIRA TECIDO, BASE FIXA TRAPEZOIDAL FIXA, MODELO INTERLOCUTOR, BRAÇOS FIXOS, COR PRETA COM VERDE', 'NÃO'),
('CAD-02635-000', 'CADEIRA TECIDO, BASE FIXA TRAPEZOIDAL FIXA, MODELO INTERLOCUTOR, BRAÇOS FIXOS, COR PRETA COM VERDE', 'NÃO'),
('CAD-02636-000', 'CADEIRA TECIDO, BASE FIXA TRAPEZOIDAL FIXA, MODELO INTERLOCUTOR, BRAÇOS FIXOS, COR PRETA COM VERDE', 'NÃO'),
('CAD-02637-000', 'CADEIRA TECIDO, BASE FIXA TRAPEZOIDAL FIXA, MODELO INTERLOCUTOR, BRAÇOS FIXOS, COR PRETA COM VERDE', 'NÃO'),
('CAD-02638-000', 'CADEIRA TECIDO, BASE FIXA TRAPEZOIDAL FIXA, MODELO INTERLOCUTOR, BRAÇOS FIXOS, COR PRETA COM VERDE', 'NÃO'),
('CAD-02639-000', 'CADEIRA TECIDO, BASE FIXA TRAPEZOIDAL FIXA, MODELO INTERLOCUTOR, BRAÇOS FIXOS, COR PRETA COM VERDE', 'NÃO'),
('CAD-02640-000', 'CADEIRA TECIDO, BASE FIXA TRAPEZOIDAL FIXA, MODELO INTERLOCUTOR, BRAÇOS FIXOS, COR PRETA COM VERDE', 'NÃO'),
('CAD-02641-000', 'CADEIRA TECIDO, BASE FIXA TRAPEZOIDAL FIXA, MODELO INTERLOCUTOR, BRAÇOS FIXOS, COR PRETA COM VERDE', 'NÃO'),
('CAD-02642-000', 'CADEIRA TECIDO, BASE FIXA TRAPEZOIDAL FIXA, MODELO INTERLOCUTOR, BRAÇOS FIXOS, COR PRETA COM VERDE', 'NÃO'),
('CAD-02643-000', 'CADEIRA TECIDO, BASE FIXA TRAPEZOIDAL FIXA, MODELO INTERLOCUTOR, BRAÇOS FIXOS, COR PRETA COM VERDE', 'NÃO'),
('CAD-02644-000', 'CADEIRA TECIDO, BASE FIXA TRAPEZOIDAL FIXA, MODELO INTERLOCUTOR, BRAÇOS FIXOS, COR PRETA COM VERDE', 'NÃO'),
('CAD-02645-000', 'CADEIRA TECIDO, BASE FIXA TRAPEZOIDAL FIXA, MODELO INTERLOCUTOR, BRAÇOS FIXOS, COR PRETA COM VERDE', 'NÃO'),
('CAD-02646-000', 'CADEIRA TECIDO, BASE FIXA TRAPEZOIDAL FIXA, MODELO INTERLOCUTOR, BRAÇOS FIXOS, COR PRETA COM VERDE', 'NÃO'),
('CAD-02647-000', 'CADEIRA TECIDO, BASE FIXA TRAPEZOIDAL FIXA, MODELO INTERLOCUTOR, BRAÇOS FIXOS, COR PRETA COM VERDE', 'NÃO'),
('CAD-02648-000', 'CADEIRA TECIDO, BASE FIXA TRAPEZOIDAL FIXA, MODELO INTERLOCUTOR, BRAÇOS FIXOS, COR PRETA COM VERDE', 'NÃO'),
('CAD-02649-000', 'CADEIRA TECIDO, BASE FIXA TRAPEZOIDAL FIXA, MODELO INTERLOCUTOR, BRAÇOS FIXOS, COR PRETA COM VERDE', 'NÃO'),
('CAD-02650-000', 'CADEIRA TECIDO, BASE FIXA TRAPEZOIDAL FIXA, MODELO INTERLOCUTOR, BRAÇOS FIXOS, COR PRETA COM VERDE', 'NÃO'),
('CAD-02651-000', 'CADEIRA TECIDO, BASE FIXA TRAPEZOIDAL FIXA, MODELO INTERLOCUTOR, BRAÇOS FIXOS, COR PRETA COM VERDE', 'NÃO'),
('CAD-02652-000', 'CADEIRA TECIDO, BASE FIXA TRAPEZOIDAL FIXA, MODELO INTERLOCUTOR, BRAÇOS FIXOS, COR PRETA COM VERDE', 'NÃO'),
('CAD-02653-000', 'CADEIRA TECIDO, BASE FIXA TRAPEZOIDAL FIXA, MODELO INTERLOCUTOR, BRAÇOS FIXOS, COR PRETA COM VERDE', 'NÃO'),
('CAD-02654-000', 'CADEIRA TECIDO, BASE FIXA TRAPEZOIDAL FIXA, MODELO INTERLOCUTOR, BRAÇOS FIXOS, COR PRETA COM VERDE', 'NÃO'),
('CAD-02655-000', 'CADEIRA TECIDO, BASE FIXA TRAPEZOIDAL FIXA, MODELO INTERLOCUTOR, BRAÇOS FIXOS, COR PRETA COM VERDE', 'NÃO'),
('CAD-02656-000', 'CADEIRA TECIDO, BASE FIXA TRAPEZOIDAL FIXA, MODELO INTERLOCUTOR, BRAÇOS FIXOS, COR PRETA COM VERDE', 'NÃO'),
('CAD-02657-000', 'CADEIRA TECIDO, BASE FIXA TRAPEZOIDAL FIXA, MODELO INTERLOCUTOR, BRAÇOS FIXOS, COR PRETA COM VERDE', 'NÃO'),
('CAD-02658-000', 'CADEIRA TECIDO, BASE FIXA TRAPEZOIDAL FIXA, MODELO INTERLOCUTOR, BRAÇOS FIXOS, COR PRETA COM VERDE', 'NÃO'),
('CAD-02659-000', 'CADEIRA TECIDO, BASE FIXA TRAPEZOIDAL FIXA, MODELO INTERLOCUTOR, BRAÇOS FIXOS, COR PRETA COM VERDE', 'NÃO'),
('CAD-02660-000', 'CADEIRA TECIDO, BASE FIXA TRAPEZOIDAL FIXA, MODELO INTERLOCUTOR, BRAÇOS FIXOS, COR PRETA COM VERDE', 'NÃO'),
('CAD-02661-000', 'CADEIRA TECIDO, BASE FIXA TRAPEZOIDAL FIXA, MODELO INTERLOCUTOR, BRAÇOS FIXOS, COR PRETA COM VERDE', 'NÃO'),
('CAD-02662-000', 'CADEIRA TECIDO, BASE FIXA TRAPEZOIDAL FIXA, MODELO INTERLOCUTOR, BRAÇOS FIXOS, COR PRETA COM VERDE', 'NÃO'),
('CAD-02663-000', 'CADEIRA TECIDO, BASE FIXA TRAPEZOIDAL FIXA, MODELO INTERLOCUTOR, BRAÇOS FIXOS, COR PRETA COM VERDE', 'NÃO'),
('CAD-02664-000', 'CADEIRA TECIDO, BASE FIXA TRAPEZOIDAL FIXA, MODELO INTERLOCUTOR, BRAÇOS FIXOS, COR PRETA COM VERDE', 'NÃO'),
('CAD-02665-000', 'CADEIRA TECIDO, BASE FIXA TRAPEZOIDAL FIXA, MODELO INTERLOCUTOR, BRAÇOS FIXOS, COR PRETA COM VERDE', 'NÃO'),
('CAD-02666-000', 'CADEIRA TECIDO, BASE FIXA TRAPEZOIDAL FIXA, MODELO INTERLOCUTOR, BRAÇOS FIXOS, COR PRETA COM VERDE', 'NÃO'),
('CAD-02667-000', 'CADEIRA TECIDO, BASE FIXA TRAPEZOIDAL FIXA, MODELO INTERLOCUTOR, BRAÇOS FIXOS, COR PRETA COM VERDE', 'NÃO'),
('CAD-02668-000', 'CADEIRA TECIDO, BASE FIXA TRAPEZOIDAL FIXA, MODELO INTERLOCUTOR, BRAÇOS FIXOS, COR PRETA COM VERDE', 'NÃO'),
('CAD-02669-000', 'CADEIRA TECIDO, BASE FIXA TRAPEZOIDAL FIXA, MODELO INTERLOCUTOR, BRAÇOS FIXOS, COR PRETA COM VERDE', 'NÃO'),
('CAD-02670-000', 'CADEIRA TECIDO, BASE FIXA TRAPEZOIDAL FIXA, MODELO INTERLOCUTOR, BRAÇOS FIXOS, COR PRETA COM VERDE', 'NÃO'),
('CAD-02671-000', 'CADEIRA TECIDO, BASE FIXA TRAPEZOIDAL FIXA, MODELO INTERLOCUTOR, BRAÇOS FIXOS, COR PRETA COM VERDE', 'NÃO'),
('CAD-02672-000', 'CADEIRA TECIDO, BASE FIXA TRAPEZOIDAL FIXA, MODELO INTERLOCUTOR, BRAÇOS FIXOS, COR PRETA COM VERDE', 'NÃO'),
('CAD-02673-000', 'CADEIRA TECIDO, BASE FIXA TRAPEZOIDAL FIXA, MODELO INTERLOCUTOR, BRAÇOS FIXOS, COR PRETA COM VERDE', 'NÃO'),
('CAD-02674-000', 'CADEIRA TECIDO, BASE FIXA TRAPEZOIDAL FIXA, MODELO INTERLOCUTOR, BRAÇOS FIXOS, COR PRETA COM VERDE', 'NÃO'),
('CAD-02675-000', 'CADEIRA TECIDO, BASE FIXA TRAPEZOIDAL FIXA, MODELO INTERLOCUTOR, BRAÇOS FIXOS, COR PRETA COM VERDE', 'NÃO'),
('CAD-02676-000', 'CADEIRA TECIDO, BASE FIXA TRAPEZOIDAL FIXA, MODELO INTERLOCUTOR, BRAÇOS FIXOS, COR PRETA COM VERDE', 'NÃO'),
('CAD-02677-000', 'CADEIRA TECIDO, BASE FIXA TRAPEZOIDAL FIXA, MODELO INTERLOCUTOR, BRAÇOS FIXOS, COR PRETA COM VERDE', 'NÃO'),
('CAD-02678-000', 'CADEIRA TECIDO, BASE FIXA TRAPEZOIDAL FIXA, MODELO INTERLOCUTOR, BRAÇOS FIXOS, COR PRETA COM VERDE', 'NÃO'),
('CAD-02679-000', 'CADEIRA TECIDO, BASE FIXA TRAPEZOIDAL FIXA, MODELO INTERLOCUTOR, BRAÇOS FIXOS, COR PRETA COM VERDE', 'NÃO'),
('CAD-02680-000', 'CADEIRA TECIDO, BASE FIXA TRAPEZOIDAL FIXA, MODELO INTERLOCUTOR, BRAÇOS FIXOS, COR PRETA COM VERDE', 'NÃO'),
('CAD-02681-000', 'CADEIRA TECIDO, BASE FIXA TRAPEZOIDAL FIXA, MODELO INTERLOCUTOR, BRAÇOS FIXOS, COR PRETA COM VERDE', 'NÃO'),
('CAD-02682-000', 'CADEIRA TECIDO, BASE FIXA TRAPEZOIDAL FIXA, MODELO INTERLOCUTOR, BRAÇOS FIXOS, COR PRETA COM VERDE', 'NÃO'),
('CAD-02683-000', 'CADEIRA TECIDO, BASE FIXA TRAPEZOIDAL FIXA, MODELO INTERLOCUTOR, BRAÇOS FIXOS, COR PRETA COM VERDE', 'NÃO'),
('CAD-02684-000', 'CADEIRA TECIDO, BASE FIXA TRAPEZOIDAL FIXA, MODELO INTERLOCUTOR, BRAÇOS FIXOS, COR PRETA COM VERDE', 'NÃO'),
('CAD-02685-000', 'CADEIRA TECIDO, BASE FIXA TRAPEZOIDAL FIXA, MODELO INTERLOCUTOR, BRAÇOS FIXOS, COR PRETA COM VERDE', 'NÃO'),
('CAD-02686-000', 'CADEIRA TECIDO, BASE FIXA TRAPEZOIDAL FIXA, MODELO INTERLOCUTOR, BRAÇOS FIXOS, COR PRETA COM VERDE', 'NÃO'),
('CAD-02687-000', 'CADEIRA TECIDO, BASE FIXA TRAPEZOIDAL FIXA, MODELO INTERLOCUTOR, BRAÇOS FIXOS, COR PRETA COM VERDE', 'NÃO'),
('CAD-02688-000', 'CADEIRA TECIDO, BASE FIXA TRAPEZOIDAL FIXA, MODELO INTERLOCUTOR, BRAÇOS FIXOS, COR PRETA COM VERDE', 'NÃO'),
('CAD-02689-000', 'CADEIRA TECIDO, BASE FIXA TRAPEZOIDAL FIXA, MODELO INTERLOCUTOR, BRAÇOS FIXOS, COR PRETA COM VERDE', 'NÃO'),
('CAD-02690-000', 'CADEIRA TECIDO, BASE FIXA TRAPEZOIDAL FIXA, MODELO INTERLOCUTOR, BRAÇOS FIXOS, COR PRETA COM VERDE', 'NÃO'),
('CAD-02691-000', 'CADEIRA TECIDO, BASE FIXA TRAPEZOIDAL FIXA, MODELO INTERLOCUTOR, BRAÇOS FIXOS, COR PRETA COM VERDE', 'NÃO'),
('CAD-02692-000', 'CADEIRA TECIDO, BASE FIXA TRAPEZOIDAL FIXA, MODELO INTERLOCUTOR, BRAÇOS FIXOS, COR PRETA COM VERDE', 'NÃO'),
('CAD-02693-000', 'CADEIRA TECIDO, BASE FIXA TRAPEZOIDAL FIXA, MODELO INTERLOCUTOR, BRAÇOS FIXOS, COR PRETA COM VERDE', 'NÃO'),
('CAD-02694-000', 'CADEIRA TECIDO, BASE FIXA TRAPEZOIDAL FIXA, MODELO INTERLOCUTOR, BRAÇOS FIXOS, COR PRETA COM VERDE', 'NÃO'),
('CAD-02695-000', 'CADEIRA TECIDO, BASE FIXA TRAPEZOIDAL FIXA, MODELO INTERLOCUTOR, BRAÇOS FIXOS, COR PRETA COM VERDE', 'NÃO'),
('CAD-02696-000', 'CADEIRA TECIDO, BASE FIXA TRAPEZOIDAL FIXA, MODELO INTERLOCUTOR, BRAÇOS FIXOS, COR PRETA COM VERDE', 'NÃO'),
('CAD-02697-000', 'CADEIRA TECIDO, BASE FIXA TRAPEZOIDAL FIXA, MODELO INTERLOCUTOR, BRAÇOS FIXOS, COR PRETA COM VERDE', 'NÃO'),
('CAD-02698-000', 'CADEIRA TECIDO, BASE FIXA TRAPEZOIDAL FIXA, MODELO INTERLOCUTOR, BRAÇOS FIXOS, COR PRETA COM VERDE', 'NÃO'),
('CAD-02699-000', 'CADEIRA TECIDO, BASE FIXA TRAPEZOIDAL FIXA, MODELO INTERLOCUTOR, BRAÇOS FIXOS, COR PRETA COM VERDE', 'NÃO'),
('CAD-02700-000', 'CADEIRA TECIDO, BASE FIXA TRAPEZOIDAL FIXA, MODELO INTERLOCUTOR, BRAÇOS FIXOS, COR PRETA COM VERDE', 'NÃO'),
('CAD-02701-000', 'CADEIRA TECIDO, BASE FIXA TRAPEZOIDAL FIXA, MODELO INTERLOCUTOR, BRAÇOS FIXOS, COR PRETA COM VERDE', 'NÃO'),
('CAD-02702-000', 'CADEIRA TECIDO, BASE FIXA TRAPEZOIDAL FIXA, MODELO INTERLOCUTOR, BRAÇOS FIXOS, COR PRETA COM VERDE', 'NÃO'),
('CAD-02703-000', 'CADEIRA TECIDO, BASE FIXA TRAPEZOIDAL FIXA, MODELO INTERLOCUTOR, BRAÇOS FIXOS, COR PRETA COM VERDE', 'NÃO'),
('CAD-02704-000', 'CADEIRA TECIDO, BASE FIXA TRAPEZOIDAL FIXA, MODELO INTERLOCUTOR, BRAÇOS FIXOS, COR PRETA COM VERDE', 'NÃO'),
('CAD-02705-000', 'CADEIRA TECIDO, BASE FIXA TRAPEZOIDAL FIXA, MODELO INTERLOCUTOR, BRAÇOS FIXOS, COR PRETA COM VERDE', 'NÃO'),
('CAD-02706-000', 'CADEIRA TECIDO, BASE FIXA TRAPEZOIDAL FIXA, MODELO INTERLOCUTOR, BRAÇOS FIXOS, COR PRETA COM VERDE', 'NÃO'),
('CAD-02707-000', 'CADEIRA TECIDO, BASE FIXA TRAPEZOIDAL FIXA, MODELO INTERLOCUTOR, BRAÇOS FIXOS, COR PRETA COM VERDE', 'NÃO'),
('CAD-02708-000', 'CADEIRA TECIDO, BASE FIXA TRAPEZOIDAL FIXA, MODELO INTERLOCUTOR, BRAÇOS FIXOS, COR PRETA COM VERDE', 'NÃO'),
('CAD-02709-000', 'CADEIRA TECIDO, BASE FIXA TRAPEZOIDAL FIXA, MODELO INTERLOCUTOR, BRAÇOS FIXOS, COR PRETA COM VERDE', 'NÃO'),
('CAD-02710-000', 'CADEIRA TECIDO, BASE FIXA TRAPEZOIDAL FIXA, MODELO INTERLOCUTOR, BRAÇOS FIXOS, COR PRETA COM VERDE', 'NÃO'),
('CAD-02711-000', 'CADEIRA TECIDO, BASE FIXA TRAPEZOIDAL FIXA, MODELO INTERLOCUTOR, BRAÇOS FIXOS, COR PRETA COM VERDE', 'NÃO'),
('CAD-02712-000', 'CADEIRA TECIDO, BASE FIXA TRAPEZOIDAL FIXA, MODELO INTERLOCUTOR, BRAÇOS FIXOS, COR PRETA COM VERDE', 'NÃO'),
('CAD-02713-000', 'CADEIRA TECIDO, BASE FIXA TRAPEZOIDAL FIXA, MODELO INTERLOCUTOR, BRAÇOS FIXOS, COR PRETA COM VERDE', 'NÃO'),
('CAD-02714-000', 'CADEIRA TECIDO, BASE FIXA TRAPEZOIDAL FIXA, MODELO INTERLOCUTOR, BRAÇOS FIXOS, COR PRETA COM VERDE', 'NÃO'),
('CAD-02715-000', 'CADEIRA TECIDO, BASE FIXA TRAPEZOIDAL FIXA, MODELO INTERLOCUTOR, BRAÇOS FIXOS, COR PRETA COM VERDE', 'NÃO'),
('CAD-02716-000', 'CADEIRA TECIDO, BASE FIXA TRAPEZOIDAL FIXA, MODELO INTERLOCUTOR, BRAÇOS FIXOS, COR PRETA COM VERDE', 'NÃO'),
('CAD-02717-000', 'CADEIRA TECIDO, BASE FIXA TRAPEZOIDAL FIXA, MODELO INTERLOCUTOR, BRAÇOS FIXOS, COR PRETA COM VERDE', 'NÃO'),
('CAD-02718-000', 'CADEIRA TECIDO, BASE FIXA TRAPEZOIDAL FIXA, MODELO INTERLOCUTOR, BRAÇOS FIXOS, COR PRETA COM VERDE', 'NÃO'),
('CAD-02719-000', 'CADEIRA TECIDO, BASE FIXA TRAPEZOIDAL FIXA, MODELO INTERLOCUTOR, BRAÇOS FIXOS, COR PRETA COM VERDE', 'NÃO'),
('CAD-02720-000', 'CADEIRA TECIDO, BASE FIXA TRAPEZOIDAL FIXA, MODELO INTERLOCUTOR, BRAÇOS FIXOS, COR PRETA COM VERDE', 'NÃO'),
('CAD-02721-000', 'SOFA 2 LUGARES, ESTOFADO COR VERDE', 'NÃO'),
('CAD-02722-000', 'SOFA 2 LUGARES, ESTOFADO COR VERDE', 'NÃO'),
('CAD-02723-000', 'SOFA 2 LUGARES, ESTOFADO COR VERDE', 'NÃO'),
('CAD-02724-000', 'SOFA 2 LUGARES, ESTOFADO COR VERDE', 'NÃO'),
('CAD-02725-000', 'SOFA 2 LUGARES, ESTOFADO COR VERDE', 'NÃO'),
('CAD-02726-000', 'SOFA 2 LUGARES, ESTOFADO COR VERDE', 'NÃO'),
('CAD-02727-000', 'SOFA 2 LUGARES, ESTOFADO COR VERDE', 'NÃO'),
('CAD-02728-000', 'SOFA 2 LUGARES, ESTOFADO COR VERDE', 'NÃO'),
('CAD-02729-000', 'SOFA 3 LUGARES, ESTOFADO COR VERDE', 'NÃO'),
('CAD-02730-000', 'SOFA 3 LUGARES, ESTOFADO COR VERDE', 'NÃO'),
('CAD-02731-000', 'SOFA 3 LUGARES, ESTOFADO COR VERDE', 'NÃO'),
('CAD-02732-000', 'SOFA 3 LUGARES, ESTOFADO COR VERDE', 'NÃO'),
('CAD-02733-000', 'SOFA 3 LUGARES, ESTOFADO COR VERDE', 'NÃO'),
('CAD-02734-000', 'SOFA 3 LUGARES, ESTOFADO COR VERDE', 'NÃO'),
('CAD-02735-000', 'SOFA 3 LUGARES, ESTOFADO COR VERDE', 'NÃO'),
('CAD-02736-000', 'SOFA 3 LUGARES, ESTOFADO COR VERDE', 'NÃO'),
('CAD-02737-000', 'SOFA 3 LUGARES, ESTOFADO COR VERDE', 'NÃO'),
('CAD-02738-000', 'SOFA 3 LUGARES, ESTOFADO COR VERDE', 'NÃO'),
('CAD-02739-000', 'SOFA 3 LUGARES, ESTOFADO COR VERDE', 'NÃO'),
('GAV-00219-000', 'GAVETEIRO VOLANTE EM MDF, COR PRETA', 'NÃO'),
('GAV-00220-000', 'GAVETEIRO VOLANTE EM MDF, COR BRANCA', 'NÃO'),
('GAV-00221-000', 'GAVETEIRO VOLANTE EM MDF, COR BRANCA', 'NÃO'),
('GAV-00222-000', 'GAVETEIRO VOLANTE EM MDF, COR BRANCA', 'NÃO'),
('GAV-00223-000', 'GAVETEIRO VOLANTE EM MDF, COR BRANCA', 'NÃO'),
('GAV-00224-000', 'GAVETEIRO VOLANTE EM MDF, COR BRANCA', 'NÃO'),
('GAV-00225-000', 'GAVETEIRO VOLANTE EM MDF, COR BRANCA', 'NÃO'),
('GAV-00226-000', 'GAVETEIRO VOLANTE EM MDF, COR BRANCA', 'NÃO'),
('GAV-00227-000', 'GAVETEIRO VOLANTE EM MDF, COR BRANCA', 'NÃO'),
('GAV-00228-000', 'GAVETEIRO VOLANTE EM MDF, COR BRANCA', 'NÃO'),
('GAV-00229-000', 'GAVETEIRO VOLANTE EM MDF, COR BRANCA', 'NÃO'),
('GAV-00230-000', 'GAVETEIRO VOLANTE EM MDF, COR BRANCA', 'NÃO'),
('GAV-00231-000', 'GAVETEIRO VOLANTE EM MDF, COR BRANCA', 'NÃO'),
('GAV-00232-000', 'GAVETEIRO VOLANTE EM MDF, COR BRANCA', 'NÃO'),
('GAV-00233-000', 'GAVETEIRO VOLANTE EM MDF, COR BRANCA', 'NÃO'),
('GAV-00234-000', 'GAVETEIRO VOLANTE EM MDF, COR BRANCA', 'NÃO'),
('GAV-00235-000', 'GAVETEIRO VOLANTE EM MDF, COR BRANCA', 'NÃO'),
('GAV-00236-000', 'GAVETEIRO VOLANTE EM MDF, COR BRANCA', 'NÃO'),
('GAV-00237-000', 'GAVETEIRO VOLANTE EM MDF, COR BRANCA', 'NÃO'),
('GAV-00238-000', 'GAVETEIRO VOLANTE EM MDF, COR BRANCA', 'NÃO'),
('GAV-00239-000', 'GAVETEIRO VOLANTE EM MDF, COR BRANCA', 'NÃO'),
('GAV-00240-000', 'GAVETEIRO VOLANTE EM MDF, COR BRANCA', 'NÃO'),
('GAV-00241-000', 'GAVETEIRO VOLANTE EM MDF, COR BRANCA', 'NÃO'),
('GAV-00242-000', 'GAVETEIRO VOLANTE EM MDF, COR BRANCA', 'NÃO'),
('GAV-00243-000', 'GAVETEIRO VOLANTE EM MDF, COR BRANCA', 'NÃO'),
('GAV-00244-000', 'GAVETEIRO VOLANTE EM MDF, COR BRANCA', 'NÃO'),
('GAV-00245-000', 'GAVETEIRO VOLANTE EM MDF, COR BRANCA', 'NÃO'),
('GAV-00246-000', 'GAVETEIRO VOLANTE EM MDF, COR BRANCA', 'NÃO'),
('GAV-00247-000', 'GAVETEIRO VOLANTE EM MDF, COR BRANCA', 'NÃO'),
('GAV-00248-000', 'GAVETEIRO VOLANTE EM MDF, COR BRANCA', 'NÃO'),
('GAV-00249-000', 'GAVETEIRO VOLANTE EM MDF, COR BRANCA', 'NÃO'),
('GAV-00250-000', 'GAVETEIRO VOLANTE EM MDF, COR BRANCA', 'NÃO'),
('GAV-00251-000', 'GAVETEIRO VOLANTE EM MDF, COR BRANCA', 'NÃO'),
('GAV-00252-000', 'GAVETEIRO VOLANTE EM MDF, COR BRANCA', 'NÃO'),
('GAV-00253-000', 'GAVETEIRO VOLANTE EM MDF, COR BRANCA', 'NÃO'),
('GAV-00254-000', 'GAVETEIRO VOLANTE EM MDF, COR BRANCA', 'NÃO'),
('GAV-00255-000', 'GAVETEIRO VOLANTE EM MDF, COR BRANCA', 'NÃO'),
('GAV-00256-000', 'GAVETEIRO VOLANTE EM MDF, COR BRANCA', 'NÃO'),
('GAV-00257-000', 'GAVETEIRO VOLANTE EM MDF, COR BRANCA', 'NÃO'),
('GAV-00258-000', 'GAVETEIRO VOLANTE EM MDF, COR BRANCA', 'NÃO'),
('GAV-00259-000', 'GAVETEIRO VOLANTE EM MDF, COR BRANCA', 'NÃO'),
('GAV-00260-000', 'GAVETEIRO VOLANTE EM MDF, COR BRANCA', 'NÃO'),
('GAV-00261-000', 'GAVETEIRO VOLANTE EM MDF, COR BRANCA', 'NÃO'),
('GAV-00262-000', 'GAVETEIRO VOLANTE EM MDF, COR BRANCA', 'NÃO'),
('GAV-00263-000', 'GAVETEIRO VOLANTE EM MDF, COR BRANCA', 'NÃO'),
('GAV-00264-000', 'GAVETEIRO VOLANTE EM MDF, COR BRANCA', 'NÃO'),
('GAV-00265-000', 'GAVETEIRO VOLANTE EM MDF, COR BRANCA', 'NÃO'),
('GAV-00266-000', 'GAVETEIRO VOLANTE EM MDF, COR BRANCA', 'NÃO'),
('GAV-00267-000', 'GAVETEIRO VOLANTE EM MDF, COR BRANCA', 'NÃO'),
('GAV-00268-000', 'GAVETEIRO VOLANTE EM MDF, COR BRANCA', 'NÃO'),
('GAV-00269-000', 'GAVETEIRO VOLANTE EM MDF, COR BRANCA', 'NÃO'),
('GAV-00270-000', 'GAVETEIRO VOLANTE EM MDF, COR BRANCA', 'NÃO'),
('GAV-00271-000', 'GAVETEIRO VOLANTE EM MDF, COR BRANCA', 'NÃO'),
('GAV-00272-000', 'GAVETEIRO VOLANTE EM MDF, COR BRANCA', 'NÃO'),
('GAV-00273-000', 'GAVETEIRO VOLANTE EM MDF, COR BRANCA', 'NÃO'),
('GAV-00274-000', 'GAVETEIRO VOLANTE EM MDF, COR BRANCA', 'NÃO'),
('GAV-00275-000', 'GAVETEIRO VOLANTE EM MDF, COR BRANCA', 'NÃO'),
('GAV-00276-000', 'GAVETEIRO VOLANTE EM MDF, COR BRANCA', 'NÃO'),
('GAV-00277-000', 'GAVETEIRO VOLANTE EM MDF, COR BRANCA', 'NÃO'),
('GAV-00278-000', 'GAVETEIRO VOLANTE EM MDF, COR BRANCA', 'NÃO'),
('GAV-00279-000', 'GAVETEIRO VOLANTE EM MDF, COR BRANCA', 'NÃO'),
('GAV-00280-000', 'GAVETEIRO VOLANTE EM MDF, COR BRANCA', 'NÃO'),
('GAV-00281-000', 'GAVETEIRO VOLANTE EM MDF, COR BRANCA', 'NÃO'),
('GAV-00282-000', 'GAVETEIRO VOLANTE EM MDF, COR BRANCA', 'NÃO'),
('GAV-00283-000', 'GAVETEIRO VOLANTE EM MDF, COR BRANCA', 'NÃO'),
('GAV-00284-000', 'GAVETEIRO VOLANTE EM MDF, COR BRANCA', 'NÃO'),
('GAV-00285-000', 'GAVETEIRO VOLANTE EM MDF, COR BRANCA', 'NÃO'),
('GAV-00286-000', 'GAVETEIRO VOLANTE EM MDF, COR BRANCA', 'NÃO'),
('GAV-00287-000', 'GAVETEIRO VOLANTE EM MDF, COR BRANCA', 'NÃO'),
('GAV-00288-000', 'GAVETEIRO VOLANTE EM MDF, COR BRANCA', 'NÃO'),
('GAV-00289-000', 'GAVETEIRO VOLANTE EM MDF, COR BRANCA', 'NÃO'),
('GAV-00290-000', 'GAVETEIRO VOLANTE EM MDF, COR BRANCA', 'NÃO'),
('GAV-00291-000', 'GAVETEIRO VOLANTE EM MDF, COR BRANCA', 'NÃO'),
('GAV-00292-000', 'GAVETEIRO VOLANTE EM MDF, COR BRANCA', 'NÃO'),
('GAV-00293-000', 'GAVETEIRO VOLANTE EM MDF, COR BRANCA', 'NÃO'),
('GAV-00294-000', 'GAVETEIRO VOLANTE EM MDF, COR BRANCA', 'NÃO'),
('GAV-00295-000', 'GAVETEIRO VOLANTE EM MDF, COR BRANCA', 'NÃO'),
('GAV-00296-000', 'GAVETEIRO VOLANTE EM MDF, COR BRANCA', 'NÃO'),
('GAV-00297-000', 'GAVETEIRO VOLANTE EM MDF, COR BRANCA', 'NÃO'),
('GAV-00298-000', 'GAVETEIRO VOLANTE EM MDF, COR BRANCA', 'NÃO'),
('GAV-00299-000', 'GAVETEIRO VOLANTE EM MDF, COR BRANCA', 'NÃO'),
('GAV-00300-000', 'GAVETEIRO VOLANTE EM MDF, COR BRANCA', 'NÃO'),
('GAV-00301-000', 'GAVETEIRO VOLANTE EM MDF, COR BRANCA', 'NÃO'),
('GAV-00302-000', 'GAVETEIRO VOLANTE EM MDF, COR BRANCA', 'NÃO'),
('GAV-00303-000', 'GAVETEIRO VOLANTE EM MDF, COR BRANCA', 'NÃO'),
('GAV-00304-000', 'GAVETEIRO VOLANTE EM MDF, COR BRANCA', 'NÃO'),
('GAV-00305-000', 'GAVETEIRO VOLANTE EM MDF, COR BRANCA', 'NÃO'),
('GAV-00306-000', 'GAVETEIRO VOLANTE EM MDF, COR BRANCA', 'NÃO'),
('GAV-00307-000', 'GAVETEIRO VOLANTE EM MDF, COR BRANCA', 'NÃO'),
('GAV-00308-000', 'GAVETEIRO VOLANTE EM MDF, COR BRANCA', 'NÃO'),
('GAV-00309-000', 'GAVETEIRO VOLANTE EM MDF, COR BRANCA', 'NÃO'),
('GAV-00310-000', 'GAVETEIRO VOLANTE EM MDF, COR BRANCA', 'NÃO'),
('GAV-00311-000', 'GAVETEIRO VOLANTE EM MDF, COR BRANCA', 'NÃO'),
('GAV-00312-000', 'GAVETEIRO VOLANTE EM MDF, COR BRANCA', 'NÃO'),
('GAV-00313-000', 'GAVETEIRO VOLANTE EM MDF, COR BRANCA', 'NÃO'),
('GAV-00314-000', 'GAVETEIRO VOLANTE EM MDF, COR BRANCA', 'NÃO'),
('GAV-00315-000', 'GAVETEIRO VOLANTE EM MDF, COR BRANCA', 'NÃO'),
('GAV-00316-000', 'GAVETEIRO VOLANTE EM MDF, COR BRANCA', 'NÃO'),
('GAV-00317-000', 'GAVETEIRO VOLANTE EM MDF, COR BRANCA', 'NÃO'),
('GAV-00318-000', 'GAVETEIRO VOLANTE EM MDF, COR BRANCA', 'NÃO'),
('GAV-00319-000', 'GAVETEIRO VOLANTE EM MDF, COR BRANCA', 'NÃO'),
('GAV-00320-000', 'GAVETEIRO VOLANTE EM MDF, COR BRANCA', 'NÃO'),
('GAV-00321-000', 'GAVETEIRO VOLANTE EM MDF, COR BRANCA', 'NÃO'),
('GAV-00322-000', 'GAVETEIRO VOLANTE EM MDF, COR BRANCA', 'NÃO'),
('GAV-00323-000', 'GAVETEIRO VOLANTE EM MDF, COR BRANCA', 'NÃO'),
('GAV-00324-000', 'GAVETEIRO VOLANTE EM MDF, COR BRANCA', 'NÃO'),
('GAV-00325-000', 'GAVETEIRO VOLANTE EM MDF, COR BRANCA', 'NÃO'),
('GAV-00326-000', 'GAVETEIRO VOLANTE EM MDF, COR BRANCA', 'NÃO'),
('GAV-00327-000', 'GAVETEIRO VOLANTE EM MDF, COR BRANCA', 'NÃO'),
('GAV-00328-000', 'GAVETEIRO VOLANTE EM MDF, COR BRANCA', 'NÃO'),
('GAV-00329-000', 'GAVETEIRO VOLANTE EM MDF, COR BRANCA', 'NÃO'),
('GAV-00330-000', 'GAVETEIRO VOLANTE EM MDF, COR BRANCA', 'NÃO'),
('GAV-00331-000', 'GAVETEIRO VOLANTE EM MDF, COR BRANCA', 'NÃO'),
('GAV-00332-000', 'GAVETEIRO VOLANTE EM MDF, COR BRANCA', 'NÃO'),
('GAV-00333-000', 'GAVETEIRO VOLANTE EM MDF, COR BRANCA', 'NÃO'),
('GAV-00334-000', 'GAVETEIRO VOLANTE EM MDF, COR BRANCA', 'NÃO'),
('GAV-00335-000', 'GAVETEIRO VOLANTE EM MDF, COR BRANCA', 'NÃO'),
('GAV-00336-000', 'GAVETEIRO VOLANTE EM MDF, COR BRANCA', 'NÃO'),
('GAV-00337-000', 'GAVETEIRO VOLANTE EM MDF, COR BRANCA', 'NÃO'),
('GAV-00338-000', 'GAVETEIRO VOLANTE EM MDF, COR BRANCA', 'NÃO'),
('GAV-00339-000', 'GAVETEIRO VOLANTE EM MDF, COR BRANCA', 'NÃO'),
('GAV-00340-000', 'GAVETEIRO VOLANTE EM MDF, COR BRANCA', 'NÃO'),
('GAV-00341-000', 'GAVETEIRO VOLANTE EM MDF, COR BRANCA', 'NÃO'),
('GAV-00342-000', 'GAVETEIRO VOLANTE EM MDF, COR BRANCA', 'NÃO'),
('GAV-00343-000', 'GAVETEIRO VOLANTE EM MDF, COR BRANCA', 'NÃO'),
('GAV-00344-000', 'GAVETEIRO VOLANTE EM MDF, COR BRANCA', 'NÃO'),
('GAV-00345-000', 'GAVETEIRO VOLANTE EM MDF, COR BRANCA', 'NÃO'),
('GAV-00346-000', 'GAVETEIRO VOLANTE EM MDF, COR BRANCA', 'NÃO'),
('GAV-00347-000', 'GAVETEIRO VOLANTE EM MDF, COR BRANCA', 'NÃO'),
('GAV-00348-000', 'GAVETEIRO VOLANTE EM MDF, COR BRANCA', 'NÃO'),
('GAV-00349-000', 'GAVETEIRO VOLANTE EM MDF, COR BRANCA', 'NÃO'),
('GAV-00350-000', 'GAVETEIRO VOLANTE EM MDF, COR BRANCA', 'NÃO'),
('GAV-00351-000', 'GAVETEIRO VOLANTE EM MDF, COR BRANCA', 'NÃO'),
('GAV-00352-000', 'GAVETEIRO VOLANTE EM MDF, COR BRANCA', 'NÃO'),
('GAV-00353-000', 'GAVETEIRO VOLANTE EM MDF, COR BRANCA', 'NÃO'),
('GAV-00354-000', 'GAVETEIRO VOLANTE EM MDF, COR BRANCA', 'NÃO'),
('GAV-00355-000', 'GAVETEIRO VOLANTE EM MDF, COR BRANCA', 'NÃO'),
('GAV-00356-000', 'GAVETEIRO VOLANTE EM MDF, COR BRANCA', 'NÃO'),
('GAV-00357-000', 'GAVETEIRO VOLANTE EM MDF, COR BRANCA', 'NÃO'),
('GAV-00358-000', 'GAVETEIRO VOLANTE EM MDF, COR BRANCA', 'NÃO'),
('GAV-00359-000', 'GAVETEIRO VOLANTE EM MDF, COR BRANCA', 'NÃO'),
('GAV-00360-000', 'GAVETEIRO VOLANTE EM MDF, COR BRANCA', 'NÃO'),
('GAV-00361-000', 'GAVETEIRO VOLANTE EM MDF, COR BRANCA', 'NÃO'),
('GAV-00362-000', 'GAVETEIRO VOLANTE EM MDF, COR BRANCA', 'NÃO'),
('GAV-00363-000', 'GAVETEIRO VOLANTE EM MDF, COR BRANCA', 'NÃO'),
('GAV-00364-000', 'GAVETEIRO VOLANTE EM MDF, COR BRANCA', 'NÃO'),
('GAV-00365-000', 'GAVETEIRO VOLANTE EM MDF, COR BRANCA', 'NÃO'),
('GAV-00366-000', 'GAVETEIRO VOLANTE EM MDF, COR BRANCA', 'NÃO'),
('GAV-00367-000', 'GAVETEIRO VOLANTE EM MDF, COR BRANCA', 'NÃO'),
('GAV-00368-000', 'GAVETEIRO VOLANTE EM MDF, COR BRANCA', 'NÃO'),
('GAV-00369-000', 'GAVETEIRO VOLANTE EM MDF, COR BRANCA', 'NÃO'),
('GAV-00370-000', 'GAVETEIRO VOLANTE EM MDF, COR BRANCA', 'NÃO'),
('GAV-00371-000', 'GAVETEIRO VOLANTE EM MDF, COR BRANCA', 'NÃO'),
('GAV-00372-000', 'GAVETEIRO VOLANTE EM MDF, COR BRANCA', 'NÃO'),
('GAV-00373-000', 'GAVETEIRO VOLANTE EM MDF, COR BRANCA', 'NÃO'),
('GAV-00374-000', 'GAVETEIRO VOLANTE EM MDF, COR BRANCA', 'NÃO'),
('GAV-00375-000', 'GAVETEIRO VOLANTE EM MDF, COR BRANCA', 'NÃO'),
('GAV-00376-000', 'GAVETEIRO VOLANTE EM MDF, COR BRANCA', 'NÃO'),
('GAV-00377-000', 'GAVETEIRO VOLANTE EM MDF, COR BRANCA', 'NÃO'),
('GAV-00378-000', 'GAVETEIRO VOLANTE EM MDF, COR BRANCA', 'NÃO'),
('GAV-00379-000', 'GAVETEIRO VOLANTE EM MDF, COR BRANCA', 'NÃO'),
('GAV-00380-000', 'GAVETEIRO VOLANTE EM MDF, COR BRANCA', 'NÃO'),
('GAV-00381-000', 'GAVETEIRO VOLANTE EM MDF, COR BRANCA', 'NÃO'),
('GAV-00382-000', 'GAVETEIRO VOLANTE EM MDF, COR BRANCA', 'NÃO'),
('GAV-00383-000', 'GAVETEIRO VOLANTE EM MDF, COR BRANCA', 'NÃO'),
('GAV-00384-000', 'GAVETEIRO VOLANTE EM MDF, COR BRANCA', 'NÃO'),
('GAV-00385-000', 'GAVETEIRO VOLANTE EM MDF, COR BRANCA', 'NÃO'),
('GAV-00386-000', 'GAVETEIRO VOLANTE EM MDF, COR BRANCA', 'NÃO'),
('GAV-00387-000', 'GAVETEIRO VOLANTE EM MDF, COR BRANCA', 'NÃO'),
('GAV-00388-000', 'GAVETEIRO VOLANTE EM MDF, COR BRANCA', 'NÃO'),
('GAV-00389-000', 'GAVETEIRO VOLANTE EM MDF, COR BRANCA', 'NÃO'),
('MES-00736-000', 'MESA DE TRABALHO AUXILIAR 140x60x74', 'NÃO'),
('MES-00737-000', 'ESTAÇÃO DE TRABALHO RETAGUARDA PARA 02 PESSOAS', 'NÃO'),
('MES-00738-000', 'ESTAÇÃO DE TRABALHO RETAGUARDA PARA 02 PESSOAS', 'NÃO'),
('MES-00739-000', 'ESTAÇÃO DE TRABALHO RETAGUARDA PARA 02 PESSOAS', 'NÃO'),
('MES-00740-000', 'ESTAÇÃO DE TRABALHO RETAGUARDA PARA 02 PESSOAS', 'NÃO'),
('MES-00741-000', 'ESTAÇÃO DE TRABALHO RETAGUARDA PARA 02 PESSOAS', 'NÃO'),
('MES-00742-000', 'ESTAÇÃO DE TRABALHO RETAGUARDA PARA 02 PESSOAS', 'NÃO'),
('MES-00743-000', 'ESTAÇÃO DE TRABALHO RETAGUARDA PARA 02 PESSOAS', 'NÃO'),
('MES-00744-000', 'ESTAÇÃO DE TRABALHO RETAGUARDA PARA 02 PESSOAS', 'NÃO'),
('MES-00745-000', 'ESTAÇÃO DE TRABALHO RETAGUARDA PARA 02 PESSOAS', 'NÃO'),
('MES-00746-000', 'ESTAÇÃO DE TRABALHO RETAGUARDA PARA 02 PESSOAS', 'NÃO'),
('MES-00747-000', 'ESTAÇÃO DE TRABALHO RETAGUARDA PARA 02 PESSOAS', 'NÃO'),
('MES-00748-000', 'ESTAÇÃO DE TRABALHO RETAGUARDA PARA 02 PESSOAS', 'NÃO'),
('MES-00749-000', 'ESTAÇÃO DE TRABALHO RETAGUARDA PARA 02 PESSOAS', 'NÃO'),
('MES-00750-000', 'ESTAÇÃO DE TRABALHO RETAGUARDA PARA 02 PESSOAS', 'NÃO'),
('MES-00751-000', 'ESTAÇÃO DE TRABALHO RETAGUARDA PARA 02 PESSOAS', 'NÃO'),
('MES-00752-000', 'ESTAÇÃO DE TRABALHO RETAGUARDA PARA 02 PESSOAS', 'NÃO'),
('MES-00753-000', 'ESTAÇÃO DE TRABALHO RETAGUARDA PARA 02 PESSOAS', 'NÃO'),
('MES-00754-000', 'ESTAÇÃO DE TRABALHO RETAGUARDA PARA 02 PESSOAS', 'NÃO'),
('MES-00755-000', 'ESTAÇÃO DE TRABALHO RETAGUARDA PARA 02 PESSOAS', 'NÃO'),
('MES-00756-000', 'ESTAÇÃO DE TRABALHO RETAGUARDA PARA 02 PESSOAS', 'NÃO'),
('MES-00757-000', 'ESTAÇÃO DE TRABALHO RETAGUARDA PARA 02 PESSOAS', 'NÃO'),
('MES-00758-000', 'ESTAÇÃO DE TRABALHO RETAGUARDA PARA 02 PESSOAS', 'NÃO'),
('MES-00759-000', 'ESTAÇÃO DE TRABALHO RETAGUARDA PARA 02 PESSOAS', 'NÃO'),
('MES-00760-000', 'ESTAÇÃO DE TRABALHO RETAGUARDA PARA 02 PESSOAS', 'NÃO'),
('MES-00761-000', 'ESTAÇÃO DE TRABALHO RETAGUARDA PARA 02 PESSOAS', 'NÃO'),
('MES-00762-000', 'ESTAÇÃO DE TRABALHO RETAGUARDA PARA 02 PESSOAS', 'NÃO'),
('MES-00763-000', 'ESTAÇÃO DE TRABALHO RETAGUARDA PARA 02 PESSOAS', 'NÃO'),
('MES-00764-000', 'ESTAÇÃO DE TRABALHO RETAGUARDA PARA 02 PESSOAS', 'NÃO'),
('MES-00765-000', 'ESTAÇÃO DE TRABALHO RETAGUARDA PARA 02 PESSOAS', 'NÃO'),
('MES-00766-000', 'ESTAÇÃO DE TRABALHO RETAGUARDA PARA 02 PESSOAS', 'NÃO'),
('MES-00767-000', 'ESTAÇÃO DE TRABALHO RETAGUARDA PARA 02 PESSOAS', 'NÃO'),
('MES-00768-000', 'ESTAÇÃO DE TRABALHO RETAGUARDA PARA 02 PESSOAS', 'NÃO'),
('MES-00769-000', 'ESTAÇÃO DE TRABALHO RETAGUARDA PARA 02 PESSOAS', 'NÃO'),
('MES-00770-000', 'ESTAÇÃO DE TRABALHO RETAGUARDA PARA 02 PESSOAS', 'NÃO'),
('MES-00771-000', 'ESTAÇÃO DE TRABALHO RETAGUARDA PARA 02 PESSOAS', 'NÃO'),
('MES-00772-000', 'ESTAÇÃO DE TRABALHO RETAGUARDA PARA 02 PESSOAS', 'NÃO'),
('MES-00773-000', 'ESTAÇÃO DE TRABALHO RETAGUARDA PARA 02 PESSOAS', 'NÃO'),
('MES-00774-000', 'ESTAÇÃO DE TRABALHO RETAGUARDA PARA 02 PESSOAS', 'NÃO'),
('MES-00775-000', 'ESTAÇÃO DE TRABALHO RETAGUARDA PARA 02 PESSOAS', 'NÃO'),
('MES-00776-000', 'ESTAÇÃO DE TRABALHO RETAGUARDA PARA 02 PESSOAS', 'NÃO'),
('MES-00777-000', 'ESTAÇÃO DE TRABALHO RETAGUARDA PARA 02 PESSOAS', 'NÃO'),
('MES-00778-000', 'ESTAÇÃO DE TRABALHO RETAGUARDA PARA 02 PESSOAS', 'NÃO'),
('MES-00779-000', 'ESTAÇÃO DE TRABALHO RETAGUARDA PARA 02 PESSOAS', 'NÃO'),
('MES-00780-000', 'ESTAÇÃO DE TRABALHO RETAGUARDA PARA 02 PESSOAS', 'NÃO'),
('MES-00781-000', 'ESTAÇÃO DE TRABALHO RETAGUARDA PARA 02 PESSOAS', 'NÃO'),
('MES-00782-000', 'ESTAÇÃO DE TRABALHO RETAGUARDA PARA 02 PESSOAS', 'NÃO'),
('MES-00783-000', 'ESTAÇÃO DE TRABALHO RETAGUARDA PARA 02 PESSOAS', 'NÃO'),
('MES-00784-000', 'ESTAÇÃO DE TRABALHO RETAGUARDA PARA 02 PESSOAS', 'NÃO'),
('MES-00785-000', 'ESTAÇÃO DE TRABALHO RETAGUARDA PARA 02 PESSOAS', 'NÃO'),
('MES-00786-000', 'ESTAÇÃO DE TRABALHO RETAGUARDA PARA 02 PESSOAS', 'NÃO'),
('MES-00787-000', 'ESTAÇÃO DE TRABALHO RETAGUARDA PARA 02 PESSOAS', 'NÃO'),
('MES-00788-000', 'ESTAÇÃO DE TRABALHO RETAGUARDA PARA 02 PESSOAS', 'NÃO'),
('MES-00789-000', 'ESTAÇÃO DE TRABALHO RETAGUARDA PARA 02 PESSOAS', 'NÃO'),
('MES-00790-000', 'ESTAÇÃO DE TRABALHO RETAGUARDA PARA 02 PESSOAS', 'NÃO'),
('MES-00791-000', 'ESTAÇÃO DE TRABALHO RETAGUARDA PARA 02 PESSOAS', 'NÃO'),
('MES-00792-000', 'ESTAÇÃO DE TRABALHO RETAGUARDA PARA 02 PESSOAS', 'NÃO'),
('MES-00793-000', 'ESTAÇÃO DE TRABALHO RETAGUARDA PARA 02 PESSOAS', 'NÃO'),
('MES-00794-000', 'ESTAÇÃO DE TRABALHO RETAGUARDA PARA 02 PESSOAS', 'NÃO'),
('MES-00795-000', 'ESTAÇÃO DE TRABALHO RETAGUARDA PARA 02 PESSOAS', 'NÃO'),
('MES-00796-000', 'ESTAÇÃO DE TRABALHO RETAGUARDA PARA 02 PESSOAS', 'NÃO'),
('MES-00797-000', 'MESA RETA EM MDF MEDINDO 1600x800x740 MM COM DIVISOR MEDINDO 100x420 MM', 'NÃO'),
('MES-00798-000', 'MESA RETA EM MDF MEDINDO 1600x800x740 MM COM DIVISOR MEDINDO 100x420 MM', 'NÃO'),
('MES-00799-000', 'MESA RETA EM MDF MEDINDO 1600x800x740 MM COM DIVISOR MEDINDO 100x420 MM', 'NÃO'),
('MES-00800-000', 'MESA RETA EM MDF MEDINDO 1600x800x740 MM COM DIVISOR MEDINDO 100x420 MM', 'NÃO'),
('MES-00801-000', 'MESA RETA EM MDF MEDINDO 1600x800x740 MM COM DIVISOR MEDINDO 100x420 MM', 'NÃO'),
('MES-00802-000', 'MESA RETA EM MDF MEDINDO 1600x800x740 MM COM DIVISOR MEDINDO 100x420 MM', 'NÃO'),
('MES-00803-000', 'MESA RETA EM MDF MEDINDO 1600x800x740 MM COM DIVISOR MEDINDO 100x420 MM', 'NÃO'),
('MES-00804-000', 'MESA RETA EM MDF MEDINDO 1600x800x740 MM COM DIVISOR MEDINDO 100x420 MM', 'NÃO');
INSERT INTO `bem` (`sapiens`, `descricao`, `tombado`) VALUES
('MES-00805-000', 'MESA RETA EM MDF MEDINDO 1400x700x740 MM COM DIVISOR MEDINDO 100x420 MM', 'NÃO'),
('MES-00806-000', 'MESA RETA EM MDF MEDINDO 1400x700x740 MM COM DIVISOR MEDINDO 100x420 MM', 'NÃO'),
('MES-00807-000', 'MESA RETA EM MDF MEDINDO 1400x700x740 MM COM DIVISOR MEDINDO 100x420 MM', 'NÃO'),
('MES-00808-000', 'MESA RETA EM MDF MEDINDO 1400x700x740 MM COM DIVISOR MEDINDO 100x420 MM', 'NÃO'),
('MES-00809-000', 'MESA DE TRABALHO EXECUTIVA MDF, 220x90x74', 'NÃO'),
('MES-00810-000', 'MESA DE TRABALHO EXECUTIVA MDF, 220x90x74', 'NÃO'),
('MES-00811-000', 'MESA DE TRABALHO EXECUTIVA MDF, 220x90x74', 'NÃO'),
('MES-00812-000', 'MESA DE TRABALHO EXECUTIVA MDF, 220x90x74', 'NÃO'),
('MES-00813-000', 'MESA DE TRABALHO EXECUTIVA MDF, 220x90x74', 'NÃO'),
('MES-00814-000', 'MESA DE TRABALHO EXECUTIVA MDF, 180x80x74', 'NÃO'),
('MES-00815-000', 'MESA DE TRABALHO EXECUTIVA MDF, 180x80x74', 'NÃO'),
('MES-00816-000', 'MESA DE TRABALHO EXECUTIVA MDF, 180x80x74', 'NÃO'),
('MES-00817-000', 'MESA DE TRABALHO EXECUTIVA MDF, 180x80x74', 'NÃO'),
('MES-00818-000', 'MESA DE TRABALHO EXECUTIVA MDF, 180x80x74', 'NÃO'),
('MES-00819-000', 'MESA DE TRABALHO EXECUTIVA MDF, 180x80x74', 'NÃO'),
('MES-00820-000', 'MESA DE TRABALHO EXECUTIVA MDF, 180x80x74', 'NÃO'),
('MES-00821-000', 'MESA DE TRABALHO EXECUTIVA MDF, 180x80x74', 'NÃO'),
('MES-00822-000', 'MESA DE TRABALHO EXECUTIVA MDF, 180x80x74', 'NÃO'),
('MES-00823-000', 'MESA DE TRABALHO EXECUTIVA MDF, 180x80x74', 'NÃO'),
('MES-00824-000', 'MESA DE TRABALHO EXECUTIVA MDF, 180x80x74', 'NÃO'),
('MES-00825-000', 'MESA DE TRABALHO EXECUTIVA MDF, 180x80x74', 'NÃO'),
('MES-00826-000', 'MESA DE TRABALHO EXECUTIVA MDF, 180x80x74', 'NÃO'),
('MES-00827-000', 'MESA DE TRABALHO EXECUTIVA MDF, 180x80x74', 'NÃO'),
('MES-00828-000', 'MESA DE TRABALHO EXECUTIVA MDF, 180x80x74', 'NÃO'),
('MES-00829-000', 'MESA DE TRABALHO EXECUTIVA MDF, 180x80x74', 'NÃO'),
('MES-00830-000', 'MESA DE TRABALHO EXECUTIVA MDF, 180x80x74', 'NÃO'),
('MES-00831-000', 'MESA DE TRABALHO EXECUTIVA MDF, 180x80x74', 'NÃO'),
('MES-00832-000', 'MESA DE TRABALHO EXECUTIVA MDF, 180x80x74', 'NÃO'),
('MES-00833-000', 'MESA DE TRABALHO EXECUTIVA MDF, 180x80x74', 'NÃO'),
('MES-00834-000', 'MESA DE TRABALHO EXECUTIVA MDF, 180x80x74', 'NÃO'),
('MES-00835-000', 'MESA DE TRABALHO EXECUTIVA MDF, 180x80x74', 'NÃO'),
('MES-00836-000', 'MESA DE TRABALHO EXECUTIVA MDF, 140x80x74', 'NÃO'),
('MES-00837-000', 'MESA DE TRABALHO EXECUTIVA MDF, 140x80x74', 'NÃO'),
('MES-00838-000', 'MESA DE TRABALHO EXECUTIVA MDF, 140x80x74', 'NÃO'),
('MES-00839-000', 'MESA DE TRABALHO EXECUTIVA MDF, 140x80x74', 'NÃO'),
('MES-00840-000', 'MESA DE TRABALHO EXECUTIVA MDF, 140x80x74', 'NÃO'),
('MES-00841-000', 'MESA DE TRABALHO EXECUTIVA MDF, 140x80x74', 'NÃO'),
('MES-00842-000', 'MESA DE TRABALHO EXECUTIVA MDF, 140x80x74', 'NÃO'),
('MES-00843-000', 'MESA DE TRABALHO EXECUTIVA MDF, 140x80x74', 'NÃO'),
('MES-00844-000', 'MESA DE TRABALHO EXECUTIVA MDF, 140x80x74', 'NÃO'),
('MES-00845-000', 'MESA DE TRABALHO EXECUTIVA MDF, 140x80x74', 'NÃO'),
('MES-00846-000', 'MESA DE TRABALHO EXECUTIVA MDF, 140x80x74', 'NÃO'),
('MES-00847-000', 'MESA DE TRABALHO EXECUTIVA MDF, 140x80x74', 'NÃO'),
('MES-00848-000', 'MESA DE TRABALHO EXECUTIVA MDF, 140x80x74', 'NÃO'),
('MES-00849-000', 'MESA DE TRABALHO EXECUTIVA MDF, 140x80x74', 'NÃO'),
('MES-00850-000', 'MESA DE TRABALHO EXECUTIVA MDF, 140x80x74', 'NÃO'),
('MES-00851-000', 'MESA DE TRABALHO EXECUTIVA MDF, 140x80x74', 'NÃO'),
('MES-00852-000', 'MESA DE TRABALHO EXECUTIVA MDF, 140x80x74', 'NÃO'),
('MES-00853-000', 'MESA DE TRABALHO EXECUTIVA MDF, 140x80x74', 'NÃO'),
('MES-00854-000', 'MESA DE TRABALHO EXECUTIVA MDF, 140x80x74', 'NÃO'),
('MES-00855-000', 'MESA DE TRABALHO EXECUTIVA MDF, 140x80x74', 'NÃO'),
('MES-00856-000', 'MESA DE TRABALHO EXECUTIVA MDF, 140x80x74', 'NÃO'),
('MES-00857-000', 'MESA DE TRABALHO EXECUTIVA MDF, 140x80x74', 'NÃO'),
('MES-00858-000', 'MESA AUXILIAR MEDINDO 1,20x0,70x0,74 MM COR BRANCA', 'NÃO'),
('MES-00859-000', 'MESA RETA EM MDF MEDINDO 800x600x740 MM', 'NÃO'),
('MES-00860-000', 'MESA DE CANTO EM MDF, 60x60', 'NÃO'),
('MES-00861-000', 'MESA DE CANTO EM MDF, 60x60', 'NÃO'),
('MES-00862-000', 'MESA DE CANTO EM MDF, 60x60', 'NÃO'),
('MES-00863-000', 'MESA DE CANTO EM MDF, 60x60', 'NÃO'),
('MES-00864-000', 'MESA DE CANTO EM MDF, 60x60', 'NÃO'),
('MES-00865-000', 'MESA DE CANTO EM MDF, 60x60', 'NÃO'),
('MES-00866-000', 'MESA DE CENTRO EM MDF, 100x60', 'NÃO'),
('MES-00867-000', 'MESA DE CENTRO EM MDF, 100x60', 'NÃO'),
('MES-00868-000', 'MESA DE CENTRO EM MDF, 100x60', 'NÃO'),
('MES-00869-000', 'MESA DE CENTRO EM MDF, 100x60', 'NÃO'),
('MES-00870-000', 'MESA DE CENTRO EM MDF, 100x60', 'NÃO'),
('MES-00871-000', 'MESA DE CENTRO EM MDF, 100x60', 'NÃO'),
('MES-00872-000', 'MESA DE CENTRO EM MDF, 100x60', 'NÃO'),
('MES-00873-000', 'MESA DE REUNIÃO RETANGULAR, 360x110x740', 'NÃO'),
('MES-00874-000', 'MESA DE REUNIÃO RETANGULAR, 360x110x740', 'NÃO'),
('MES-00875-000', 'MESA DE REUNIÃO RETANGULAR, 360x110x740', 'NÃO'),
('MES-00876-000', 'MESA DE REUNIÃO RETANGULAR, 360x110x740', 'NÃO'),
('MES-00877-000', 'MESA DE REUNIÃO RETANGULAR, 360x110x740', 'NÃO'),
('MES-00878-000', 'MESA DE REUNIÃO RETANGULAR, 360x110x740', 'NÃO'),
('MES-00879-000', 'MESA DE REUNIÃO REDONDA, 110x740', 'NÃO'),
('MES-00880-000', 'MESA DE REUNIÃO REDONDA, 110x740', 'NÃO'),
('MES-00881-000', 'MESA DE REUNIÃO REDONDA, 110x740', 'NÃO'),
('MES-00882-000', 'MESA DE REUNIÃO REDONDA, 110x740', 'NÃO'),
('MES-00883-000', 'MESA DE REUNIÃO REDONDA, 110x740', 'NÃO'),
('MES-00884-000', 'MESA DE REUNIÃO REDONDA, 110x740', 'NÃO'),
('MES-00885-000', 'MESA DE REUNIÃO REDONDA, 110x740', 'NÃO'),
('MES-00886-000', 'MESA DE REUNIÃO REDONDA, 110x740', 'NÃO'),
('MES-00887-000', 'MESA DE REUNIÃO REDONDA, 110x740', 'NÃO'),
('MES-00888-000', 'MESA DE REUNIÃO REDONDA, 110x740', 'NÃO'),
('MES-00889-000', 'MESA DE REUNIÃO REDONDA, 110x740', 'NÃO'),
('MES-00890-000', 'MESA DE REUNIÃO REDONDA, 110x740', 'NÃO'),
('MES-00891-000', 'MESA DE REUNIÃO REDONDA, 110x740', 'NÃO'),
('MES-00892-000', 'MESA DE REUNIÃO REDONDA, 110x740', 'NÃO'),
('MUD-01047-000', 'BALCÃO ALTO CURVO MEDINDO 2,20x0,60x1,30', 'NÃO'),
('MUD-01048-000', 'BALCÃO ALTO CURVO MEDINDO 2,20x0,60x1,30', 'NÃO');

-- --------------------------------------------------------

--
-- Estrutura da tabela `sala`
--

CREATE TABLE IF NOT EXISTS `sala` (
  `id` int(10) unsigned NOT NULL AUTO_INCREMENT,
  `andar` int(10) unsigned NOT NULL,
  `sala` varchar(45) NOT NULL,
  `descricao` varchar(255) DEFAULT NULL,
  PRIMARY KEY (`id`),
  UNIQUE KEY `sala` (`sala`),
  KEY `fk_andar_sala` (`andar`)
) ENGINE=InnoDB  DEFAULT CHARSET=utf8 AUTO_INCREMENT=49 ;

--
-- Extraindo dados da tabela `sala`
--

INSERT INTO `sala` (`id`, `andar`, `sala`, `descricao`) VALUES
(1, 2, 'COPA', NULL),
(2, 2, 'REFEITÓRIO', NULL),
(3, 3, 'ASSESSORIA/DIRETORES', NULL),
(4, 3, 'ASTEC/ASJUR', NULL),
(5, 3, 'ASTEC/DPR', NULL),
(6, 3, 'DET', NULL),
(7, 3, 'DGE', NULL),
(8, 3, 'DIM', NULL),
(9, 3, 'DOP', NULL),
(10, 3, 'DPR', NULL),
(11, 3, 'OUVIDORIA', NULL),
(12, 3, 'RECEPÇÃO/DIRETORES', NULL),
(13, 3, 'SALA DE REUNIÃO/DPR', NULL),
(14, 3, 'SECRETÁRIA/DPR', NULL),
(15, 3, 'RECEPÇÃO/DPR', NULL),
(16, 4, 'DOS', NULL),
(17, 4, 'GERÊNCIA/DOS', NULL),
(18, 4, 'SALA DO GOVERNADOR', NULL),
(19, 4, 'SECRETÁRIA/DOS', NULL),
(20, 4, 'SECRETÁRIA/GOVERNADOR', NULL),
(21, 5, 'ASSISTENTE SOCIAL/PSICÓLOGA', NULL),
(22, 5, 'DESP. VLT.', NULL),
(23, 5, 'GEPLA', NULL),
(24, 5, 'GEPRO', NULL),
(25, 5, 'GETEC', NULL),
(26, 5, 'GETRI', NULL),
(27, 5, 'MÉDICO DO TRABALHO', NULL),
(28, 5, 'SALA DE REUNIÃO 3', NULL),
(29, 5, 'SECRETÁRIA/MÉDICO', NULL),
(30, 6, 'ARRECADAÇÃO', NULL),
(31, 6, 'GECOM', NULL),
(32, 6, 'GEFIN', NULL),
(33, 6, 'GERAD', NULL),
(34, 6, 'GEREH 1', NULL),
(35, 6, 'GEREH 2', NULL),
(36, 6, 'SALA DE REUNIÃO 2', NULL),
(37, 6, 'TESOURARIA', NULL),
(38, 7, 'ASJUR', NULL),
(39, 7, 'ASTEC/COMUNICAÇÃO', NULL),
(40, 7, 'AUDITORIA', NULL),
(41, 7, 'GERIN', NULL),
(42, 7, 'GEROC', NULL),
(43, 7, 'GESIF', NULL),
(44, 7, 'GESOP', NULL),
(45, 7, 'MECANOGRAFIA', NULL),
(46, 8, 'AUDITÓRIO', NULL),
(47, 8, 'RECEPÇÃO', NULL),
(48, 9, 'CEDOC', NULL);

-- --------------------------------------------------------

--
-- Estrutura da tabela `tombamento`
--

CREATE TABLE IF NOT EXISTS `tombamento` (
  `plaqueta` int(7) unsigned zerofill NOT NULL DEFAULT '0000000',
  `bem` varchar(13) NOT NULL,
  `sala` int(10) unsigned NOT NULL,
  `data` date DEFAULT NULL,
  PRIMARY KEY (`plaqueta`),
  UNIQUE KEY `bem` (`bem`),
  KEY `fk_sala_tombamento` (`sala`)
) ENGINE=InnoDB DEFAULT CHARSET=utf8;

--
-- Extraindo dados da tabela `tombamento`
--

INSERT INTO `tombamento` (`plaqueta`, `bem`, `sala`, `data`) VALUES
(0107226, 'ARM-00610-000', 12, '2014-07-29'),
(0107227, 'ARM-00611-000', 12, '2014-07-29'),
(0107228, 'ARM-00612-000', 12, '2014-07-29'),
(0107229, 'ARM-00613-000', 12, '2014-07-29'),
(0107230, 'GAV-00234-000', 12, '2014-07-29'),
(0107231, 'GAV-00235-000', 12, '2014-07-29'),
(0107232, 'GAV-00236-000', 12, '2014-07-29'),
(0107233, 'GAV-00237-000', 12, '2014-07-29'),
(0107234, 'CAD-02167-000', 12, '2014-07-29'),
(0107235, 'CAD-02168-000', 12, '2014-07-29'),
(0107236, 'CAD-02169-000', 12, '2014-07-29'),
(0107237, 'CAD-02170-000', 12, '2014-07-29'),
(0107238, 'CAD-02558-000', 12, '2014-07-29'),
(0107239, 'CAD-02559-000', 12, '2014-07-29'),
(0107240, 'CAD-02560-000', 12, '2014-07-29'),
(0107241, 'CAD-02561-000', 12, '2014-07-29'),
(0107242, 'CAD-02733-000', 19, '2014-07-29'),
(0107243, 'CAD-02734-000', 47, '2014-07-29'),
(0107244, 'MES-00838-000', 12, '2014-07-29'),
(0107245, 'MES-00839-000', 12, '2014-07-29'),
(0107246, 'MES-00840-000', 12, '2014-07-29'),
(0107247, 'MES-00841-000', 12, '2014-07-29'),
(0107248, 'ARM-00532-000', 3, '2014-07-29'),
(0107249, 'ARM-00533-000', 3, '2014-07-29'),
(0107250, 'ARM-00534-000', 3, '2014-07-29'),
(0107251, 'ARM-00535-000', 3, '2014-07-29'),
(0107252, 'ARM-00536-000', 3, '2014-07-29'),
(0107253, 'GAV-00238-000', 3, '2014-07-29'),
(0107254, 'GAV-00239-000', 3, '2014-07-29'),
(0107255, 'GAV-00240-000', 3, '2014-07-29'),
(0107256, 'GAV-00241-000', 3, '2014-07-29'),
(0107257, 'CAD-02163-000', 3, '2014-07-29'),
(0107258, 'CAD-02164-000', 3, '2014-07-29'),
(0107259, 'CAD-02165-000', 3, '2014-07-29'),
(0107260, 'CAD-02166-000', 3, '2014-07-29'),
(0107261, 'CAD-02562-000', 3, '2014-07-29'),
(0107262, 'CAD-02563-000', 3, '2014-07-29'),
(0107263, 'CAD-02564-000', 3, '2014-07-29'),
(0107264, 'CAD-02565-000', 3, '2014-07-29'),
(0107265, 'ARM-00696-000', 3, '2014-07-29'),
(0107266, 'ARM-00614-000', 3, '2014-07-29'),
(0107267, 'MES-00737-000', 3, '2014-07-29'),
(0107268, 'MES-00738-000', 3, '2014-07-29'),
(0107269, 'MES-00880-000', 3, '2014-07-29'),
(0107270, 'GAV-00242-000', 16, '2014-07-29'),
(0107271, 'ARM-00615-000', 16, '2014-07-29'),
(0107272, 'ARM-00616-000', 16, '2014-07-29'),
(0107273, 'CAD-02333-000', 16, '2014-07-29'),
(0107274, 'CAD-02171-000', 16, '2014-07-29'),
(0107275, 'CAD-02172-000', 16, '2014-07-29'),
(0107276, 'CAD-02173-000', 16, '2014-07-29'),
(0107277, 'CAD-02174-000', 16, '2014-07-29'),
(0107278, 'CAD-02175-000', 16, '2014-07-29'),
(0107279, 'CAD-02176-000', 16, '2014-07-29'),
(0107280, 'CAD-02177-000', 16, '2014-07-29'),
(0107281, 'CAD-02178-000', 16, '2014-07-29'),
(0107282, 'CAD-02179-000', 16, '2014-07-29'),
(0107283, 'CAD-02180-000', 16, '2014-07-29'),
(0107284, 'CAD-02566-000', 16, '2014-07-29'),
(0107285, 'CAD-02567-000', 16, '2014-07-29'),
(0107286, 'CAD-02725-000', 16, '2014-07-29'),
(0107287, 'CAD-02735-000', 16, '2014-07-29'),
(0107288, 'MES-00862-000', 16, '2014-07-29'),
(0107289, 'MES-00875-000', 16, '2014-07-29'),
(0107290, 'MES-00820-000', 16, '2014-07-29'),
(0107291, 'ARM-00617-000', 19, '2014-07-29'),
(0107292, 'ARM-00618-000', 19, '2014-07-29'),
(0107293, 'ARM-00619-000', 19, '2014-07-29'),
(0107294, 'GAV-00243-000', 19, '2014-07-29'),
(0107295, 'GAV-00244-000', 19, '2014-07-29'),
(0107296, 'CAD-02181-000', 19, '2014-07-29'),
(0107297, 'CAD-02182-000', 19, '2014-07-29'),
(0107298, 'CAD-02568-000', 19, '2014-07-29'),
(0107299, 'CAD-02569-000', 19, '2014-07-29'),
(0107300, 'CAD-02570-000', 19, '2014-07-29'),
(0107301, 'CAD-02571-000', 19, '2014-07-29'),
(0107302, 'MES-00844-000', 19, '2014-07-29'),
(0107303, 'MES-00845-000', 19, '2014-07-29'),
(0107304, 'GAV-00245-000', 18, '2014-07-29'),
(0107305, 'CAD-02183-000', 18, '2014-07-29'),
(0107306, 'CAD-02572-000', 18, '2014-07-29'),
(0107307, 'CAD-02573-000', 18, '2014-07-29'),
(0107308, 'CAD-02574-000', 18, '2014-07-29'),
(0107309, 'CAD-02575-000', 18, '2014-07-29'),
(0107310, 'CAD-02576-000', 18, '2014-07-29'),
(0107311, 'CAD-02577-000', 18, '2014-07-29'),
(0107312, 'CAD-02736-000', 18, '2014-07-29'),
(0107313, 'CAD-02726-000', 18, '2014-07-29'),
(0107314, 'MES-00821-000', 18, '2014-07-29'),
(0107315, 'MES-00867-000', 18, '2014-07-29'),
(0107316, 'MES-00881-000', 18, '2014-07-29'),
(0107317, 'MES-00863-000', 18, '2014-07-29'),
(0107318, 'ARM-00620-000', 17, '2014-07-29'),
(0107319, 'ARM-00621-000', 17, '2014-07-29'),
(0107320, 'ARM-00622-000', 17, '2014-07-29'),
(0107321, 'ARM-00623-000', 17, '2014-07-29'),
(0107322, 'ARM-00624-000', 17, '2014-07-29'),
(0107323, 'ARM-00625-000', 17, '2014-07-29'),
(0107324, 'ARM-00626-000', 17, '2014-07-29'),
(0107325, 'ARM-00627-000', 17, '2014-07-29'),
(0107326, 'ARM-00628-000', 17, '2014-07-29'),
(0107327, 'GAV-00246-000', 17, '2014-07-29'),
(0107328, 'GAV-00248-000', 17, '2014-07-29'),
(0107329, 'GAV-00249-000', 17, '2014-07-29'),
(0107330, 'GAV-00250-000', 17, '2014-07-29'),
(0107331, 'GAV-00251-000', 17, '2014-07-29'),
(0107332, 'GAV-00252-000', 17, '2014-07-29'),
(0107333, 'GAV-00253-000', 17, '2014-07-29'),
(0107334, 'GAV-00254-000', 17, '2014-07-29'),
(0107335, 'GAV-00255-000', 17, '2014-07-29'),
(0107336, 'GAV-00256-000', 17, '2014-07-29'),
(0107337, 'GAV-00257-000', 17, '2014-07-29'),
(0107338, 'GAV-00258-000', 17, '2014-07-29'),
(0107339, 'GAV-00259-000', 17, '2014-07-29'),
(0107340, 'GAV-00260-000', 17, '2014-07-29'),
(0107341, 'GAV-00355-000', 17, '2014-07-29'),
(0107342, 'CAD-02184-000', 17, '2014-07-29'),
(0107343, 'CAD-02185-000', 17, '2014-07-29'),
(0107344, 'CAD-02186-000', 17, '2014-07-29'),
(0107345, 'CAD-02187-000', 17, '2014-07-29'),
(0107346, 'CAD-02188-000', 17, '2014-07-29'),
(0107347, 'CAD-02189-000', 17, '2014-07-29'),
(0107348, 'CAD-02190-000', 17, '2014-07-29'),
(0107349, 'CAD-02191-000', 17, '2014-07-29'),
(0107350, 'CAD-02192-000', 17, '2014-07-29'),
(0107351, 'CAD-02193-000', 17, '2014-07-29'),
(0107352, 'CAD-02194-000', 17, '2014-07-29'),
(0107353, 'CAD-02195-000', 17, '2014-07-29'),
(0107354, 'CAD-02196-000', 17, '2014-07-29'),
(0107355, 'CAD-02197-000', 17, '2014-07-29'),
(0107356, 'CAD-02198-000', 17, '2014-07-29'),
(0107357, 'CAD-02578-000', 17, '2014-07-29'),
(0107358, 'CAD-02579-000', 17, '2014-07-29'),
(0107359, 'CAD-02580-000', 17, '2014-07-29'),
(0107360, 'CAD-02581-000', 17, '2014-07-29'),
(0107361, 'CAD-02582-000', 17, '2014-07-29'),
(0107362, 'CAD-02583-000', 17, '2014-07-29'),
(0107363, 'MES-00739-000', 17, '2014-07-29'),
(0107364, 'MES-00740-000', 17, '2014-07-29'),
(0107365, 'MES-00741-000', 17, '2014-07-29'),
(0107366, 'MES-00742-000', 17, '2014-07-29'),
(0107367, 'MES-00743-000', 17, '2014-07-29'),
(0107368, 'MES-00744-000', 17, '2014-07-29'),
(0107369, 'MES-00822-000', 17, '2014-07-29'),
(0107370, 'MES-00823-000', 17, '2014-07-29'),
(0107371, 'MES-00824-000', 17, '2014-07-29'),
(0107372, 'ARM-00629-000', 23, '2014-07-29'),
(0107373, 'ARM-00630-000', 23, '2014-07-29'),
(0107374, 'ARM-00631-000', 23, '2014-07-29'),
(0107375, 'ARM-00632-000', 23, '2014-07-29'),
(0107376, 'GAV-00261-000', 23, '2014-07-29'),
(0107377, 'GAV-00262-000', 23, '2014-07-29'),
(0107378, 'GAV-00263-000', 23, '2014-07-29'),
(0107379, 'GAV-00264-000', 23, '2014-07-29'),
(0107380, 'GAV-00265-000', 23, '2014-07-29'),
(0107381, 'CAD-02199-000', 23, '2014-07-29'),
(0107382, 'CAD-02200-000', 23, '2014-07-29'),
(0107383, 'CAD-02201-000', 23, '2014-07-29'),
(0107384, 'CAD-02202-000', 23, '2014-07-29'),
(0107385, 'CAD-02203-000', 23, '2014-07-29'),
(0107386, 'CAD-02584-000', 23, '2014-07-29'),
(0107387, 'CAD-02585-000', 23, '2014-07-29'),
(0107388, 'CAD-02586-000', 8, '2014-07-29'),
(0107389, 'CAD-02587-000', 9, '2014-07-29'),
(0107390, 'CAD-02588-000', 8, '2014-07-29'),
(0107391, 'CAD-02589-000', 8, '2014-07-29'),
(0107392, 'MES-00825-000', 23, '2014-07-29'),
(0107393, 'MES-00745-000', 23, '2014-07-29'),
(0107394, 'MES-00746-000', 23, '2014-07-29'),
(0107395, 'ARM-00633-000', 26, '2014-07-29'),
(0107396, 'ARM-00634-000', 26, '2014-07-29'),
(0107397, 'GAV-00266-000', 26, '2014-07-29'),
(0107398, 'GAV-00267-000', 26, '2014-07-29'),
(0107399, 'GAV-00268-000', 26, '2014-07-29'),
(0107400, 'GAV-00269-000', 26, '2014-07-29'),
(0107401, 'GAV-00270-000', 26, '2014-07-29'),
(0107402, 'CAD-02204-000', 26, '2014-07-29'),
(0107403, 'CAD-02205-000', 26, '2014-07-29'),
(0107404, 'CAD-02206-000', 26, '2014-07-29'),
(0107405, 'CAD-02207-000', 26, '2014-07-29'),
(0107406, 'CAD-02208-000', 26, '2014-07-29'),
(0107407, 'CAD-02590-000', 26, '2014-07-29'),
(0107408, 'CAD-02591-000', 26, '2014-07-29'),
(0107409, 'CAD-02592-000', 7, '2014-07-29'),
(0107410, 'CAD-02593-000', 7, '2014-07-29'),
(0107411, 'CAD-02594-000', 6, '2014-07-29'),
(0107412, 'CAD-02595-000', 6, '2014-07-29'),
(0107413, 'MES-00826-000', 26, '2014-07-29'),
(0107414, 'MES-00747-000', 26, '2014-07-29'),
(0107415, 'MES-00748-000', 26, '2014-07-29'),
(0107416, 'MES-00882-000', 9, '2014-07-29'),
(0107417, 'MES-00883-000', 6, '2014-07-29'),
(0107418, 'ARM-00635-000', 22, '2014-07-29'),
(0107419, 'ARM-00636-000', 22, '2014-07-29'),
(0107420, 'ARM-00637-000', 22, '2014-07-29'),
(0107421, 'GAV-00271-000', 22, '2014-07-29'),
(0107422, 'GAV-00272-000', 22, '2014-07-29'),
(0107423, 'GAV-00273-000', 22, '2014-07-29'),
(0107424, 'CAD-02209-000', 22, '2014-07-29'),
(0107425, 'CAD-02210-000', 22, '2014-07-29'),
(0107426, 'CAD-02211-000', 22, '2014-07-29'),
(0107427, 'CAD-02596-000', 22, '2014-07-29'),
(0107428, 'CAD-02597-000', 22, '2014-07-29'),
(0107429, 'MES-00827-000', 22, '2014-07-29'),
(0107430, 'MES-00846-000', 22, '2014-07-29'),
(0107431, 'MES-00847-000', 22, '2014-07-29'),
(0107432, 'CAD-02598-000', 7, '2014-07-29'),
(0107433, 'CAD-02599-000', 7, '2014-07-29'),
(0107434, 'CAD-02600-000', 9, '2014-07-29'),
(0107435, 'CAD-02601-000', 9, '2014-07-29'),
(0107436, 'MES-00884-000', 8, '2014-07-29'),
(0107437, 'ARM-00638-000', 24, '2014-07-29'),
(0107438, 'ARM-00639-000', 24, '2014-07-29'),
(0107439, 'ARM-00640-000', 24, '2014-07-29'),
(0107440, 'GAV-00274-000', 24, '2014-07-29'),
(0107441, 'GAV-00275-000', 24, '2014-07-29'),
(0107442, 'GAV-00276-000', 24, '2014-07-29'),
(0107443, 'GAV-00277-000', 24, '2014-07-29'),
(0107444, 'GAV-00278-000', 24, '2014-07-29'),
(0107445, 'CAD-02212-000', 24, '2014-07-29'),
(0107446, 'CAD-02213-000', 24, '2014-07-29'),
(0107447, 'CAD-02214-000', 24, '2014-07-29'),
(0107448, 'CAD-02215-000', 24, '2014-07-29'),
(0107449, 'CAD-02216-000', 24, '2014-07-29'),
(0107450, 'CAD-02602-000', 24, '2014-07-29'),
(0107451, 'CAD-02603-000', 24, '2014-07-29'),
(0107452, 'MES-00833-000', 24, '2014-07-29'),
(0107453, 'MES-00749-000', 24, '2014-07-29'),
(0107454, 'MES-00750-000', 24, '2014-07-29'),
(0107455, 'MES-00876-000', 24, '2014-07-29'),
(0107456, 'CAD-02604-000', 24, '2014-07-29'),
(0107457, 'CAD-02605-000', 24, '2014-07-29'),
(0107458, 'CAD-02606-000', 24, '2014-07-29'),
(0107459, 'CAD-02607-000', 24, '2014-07-29'),
(0107460, 'CAD-02608-000', 24, '2014-07-29'),
(0107461, 'CAD-02609-000', 24, '2014-07-29'),
(0107462, 'CAD-02610-000', 24, '2014-07-29'),
(0107463, 'CAD-02611-000', 24, '2014-07-29'),
(0107464, 'ARM-00641-000', 25, '2014-07-29'),
(0107465, 'ARM-00642-000', 25, '2014-07-29'),
(0107466, 'ARM-00643-000', 25, '2014-07-29'),
(0107467, 'ARM-00644-000', 25, '2014-07-29'),
(0107468, 'ARM-00645-000', 25, '2014-07-29'),
(0107469, 'ARM-00646-000', 25, '2014-07-29'),
(0107470, 'ARM-00647-000', 25, '2014-07-29'),
(0107471, 'ARM-00648-000', 25, '2014-07-29'),
(0107472, 'ARM-00649-000', 25, '2014-07-29'),
(0107473, 'GAV-00279-000', 25, '2014-07-29'),
(0107474, 'GAV-00280-000', 25, '2014-07-29'),
(0107475, 'GAV-00281-000', 25, '2014-07-29'),
(0107476, 'GAV-00282-000', 25, '2014-07-29'),
(0107477, 'GAV-00283-000', 25, '2014-07-29'),
(0107478, 'GAV-00284-000', 25, '2014-07-29'),
(0107479, 'GAV-00285-000', 25, '2014-07-29'),
(0107480, 'GAV-00286-000', 25, '2014-07-29'),
(0107481, 'GAV-00287-000', 25, '2014-07-29'),
(0107482, 'GAV-00288-000', 25, '2014-07-29'),
(0107483, 'GAV-00289-000', 25, '2014-07-29'),
(0107484, 'GAV-00290-000', 25, '2014-07-29'),
(0107485, 'GAV-00291-000', 25, '2014-07-29'),
(0107486, 'CAD-02217-000', 25, '2014-07-29'),
(0107487, 'CAD-02218-000', 25, '2014-07-29'),
(0107488, 'CAD-02219-000', 25, '2014-07-29'),
(0107489, 'CAD-02220-000', 25, '2014-07-29'),
(0107490, 'CAD-02221-000', 25, '2014-07-29'),
(0107491, 'CAD-02222-000', 25, '2014-07-29'),
(0107492, 'CAD-02223-000', 25, '2014-07-29'),
(0107493, 'CAD-02224-000', 25, '2014-07-29'),
(0107494, 'CAD-02225-000', 25, '2014-07-29'),
(0107495, 'CAD-02226-000', 25, '2014-07-29'),
(0107496, 'CAD-02227-000', 25, '2014-07-29'),
(0107497, 'CAD-02228-000', 25, '2014-07-29'),
(0107498, 'CAD-02229-000', 25, '2014-07-29'),
(0107499, 'CAD-02612-000', 25, '2014-07-29'),
(0107500, 'CAD-02613-000', 25, '2014-07-29'),
(0107501, 'CAD-02614-000', 25, '2014-07-29'),
(0107502, 'CAD-02615-000', 25, '2014-07-29'),
(0107503, 'CAD-02616-000', 25, '2014-07-29'),
(0107504, 'CAD-02617-000', 25, '2014-07-29'),
(0107505, 'MES-00828-000', 25, '2014-07-29'),
(0107506, 'MES-00885-000', 25, '2014-07-29'),
(0107507, 'MES-00751-000', 25, '2014-07-29'),
(0107508, 'MES-00752-000', 25, '2014-07-29'),
(0107509, 'MES-00753-000', 25, '2014-07-29'),
(0107510, 'MES-00754-000', 25, '2014-07-29'),
(0107511, 'MES-00755-000', 25, '2014-07-29'),
(0107512, 'MES-00756-000', 25, '2014-07-29'),
(0107513, 'ARM-00650-000', 29, '2014-07-29'),
(0107514, 'ARM-00651-000', 29, '2014-07-29'),
(0107515, 'GAV-00292-000', 29, '2014-07-29'),
(0107516, 'CAD-02230-000', 29, '2014-07-29'),
(0107517, 'CAD-02618-000', 29, '2014-07-29'),
(0107518, 'CAD-02619-000', 29, '2014-07-29'),
(0107519, 'MES-00848-000', 29, '2014-07-29'),
(0107520, 'ARM-00652-000', 27, '2014-07-29'),
(0107521, 'ARM-00653-000', 27, '2014-07-29'),
(0107522, 'ARM-00654-000', 27, '2014-07-29'),
(0107523, 'GAV-00293-000', 27, '2014-07-29'),
(0107524, 'CAD-02231-000', 27, '2014-07-29'),
(0107525, 'CAD-02620-000', 27, '2014-07-29'),
(0107526, 'CAD-02621-000', 27, '2014-07-29'),
(0107527, 'MES-00797-000', 27, '2014-07-29'),
(0107528, 'ARM-00655-000', 21, '2014-07-28'),
(0107529, 'ARM-00656-000', 21, '2014-07-28'),
(0107530, 'GAV-00294-000', 21, '2014-07-28'),
(0107531, 'GAV-00295-000', 21, '2014-07-28'),
(0107532, 'CAD-02232-000', 21, '2014-07-28'),
(0107533, 'CAD-02233-000', 21, '2014-07-28'),
(0107534, 'CAD-02622-000', 21, '2014-07-28'),
(0107535, 'CAD-02623-000', 21, '2014-07-28'),
(0107536, 'CAD-02624-000', 9, '2014-07-29'),
(0107537, 'CAD-02625-000', 6, '2014-07-29'),
(0107538, 'CAD-02626-000', 6, '2014-07-29'),
(0107539, 'CAD-02627-000', 8, '2014-07-29'),
(0107540, 'MES-00798-000', 21, '2014-07-28'),
(0107541, 'MES-00799-000', 21, '2014-07-28'),
(0107542, 'MES-00886-000', 7, '2014-07-29'),
(0107543, 'CAD-02630-000', 28, '2014-07-29'),
(0107544, 'CAD-02631-000', 28, '2014-07-29'),
(0107545, 'CAD-02632-000', 28, '2014-07-29'),
(0107546, 'CAD-02633-000', 28, '2014-07-29'),
(0107547, 'CAD-02634-000', 28, '2014-07-29'),
(0107548, 'CAD-02635-000', 28, '2014-07-29'),
(0107549, 'CAD-02636-000', 28, '2014-07-29'),
(0107550, 'CAD-02637-000', 28, '2014-07-29'),
(0107551, 'MES-00877-000', 28, '2014-07-29'),
(0107552, 'CAD-02628-000', 21, '2014-07-28'),
(0107553, 'CAD-02629-000', 21, '2014-07-28'),
(0107554, 'ARM-00754-000', 27, '2014-07-29'),
(0107555, 'ARM-00755-000', 27, '2014-07-29'),
(0107556, 'ARM-00756-000', 27, '2014-07-29'),
(0107557, 'ARM-00537-000', 34, '2014-07-29'),
(0107558, 'ARM-00657-000', 34, '2014-07-29'),
(0107559, 'ARM-00658-000', 34, '2014-07-29'),
(0107560, 'GAV-00296-000', 34, '2014-07-29'),
(0107561, 'CAD-02234-000', 34, '2014-07-29'),
(0107562, 'CAD-02638-000', 34, '2014-07-29'),
(0107563, 'CAD-02639-000', 34, '2014-07-29'),
(0107564, 'CAD-02640-000', 34, '2014-07-29'),
(0107565, 'CAD-02641-000', 34, '2014-07-29'),
(0107566, 'CAD-02642-000', 34, '2014-07-29'),
(0107567, 'CAD-02643-000', 34, '2014-07-29'),
(0107568, 'MES-00829-000', 34, '2014-07-29'),
(0107569, 'MES-00887-000', 34, '2014-07-29'),
(0107570, 'ARM-00538-000', 35, '2014-07-29'),
(0107571, 'ARM-00539-000', 35, '2014-07-29'),
(0107572, 'ARM-00540-000', 35, '2014-07-29'),
(0107573, 'ARM-00541-000', 35, '2014-07-29'),
(0107574, 'ARM-00542-000', 35, '2014-07-29'),
(0107575, 'ARM-00543-000', 35, '2014-07-29'),
(0107576, 'ARM-00544-000', 35, '2014-07-29'),
(0107577, 'ARM-00545-000', 35, '2014-07-29'),
(0107578, 'ARM-00659-000', 35, '2014-07-29'),
(0107579, 'ARM-00660-000', 35, '2014-07-29'),
(0107580, 'ARM-00661-000', 35, '2014-07-29'),
(0107581, 'ARM-00662-000', 35, '2014-07-29'),
(0107582, 'ARM-00663-000', 35, '2014-07-29'),
(0107583, 'ARM-00664-000', 35, '2014-07-29'),
(0107584, 'ARM-00665-000', 35, '2014-07-29'),
(0107585, 'ARM-00666-000', 35, '2014-07-29'),
(0107586, 'GAV-00298-000', 35, '2014-07-29'),
(0107587, 'GAV-00299-000', 35, '2014-07-29'),
(0107588, 'GAV-00300-000', 35, '2014-07-29'),
(0107589, 'GAV-00301-000', 35, '2014-07-29'),
(0107590, 'GAV-00302-000', 35, '2014-07-29'),
(0107591, 'GAV-00303-000', 35, '2014-07-29'),
(0107592, 'GAV-00304-000', 35, '2014-07-29'),
(0107593, 'GAV-00305-000', 35, '2014-07-29'),
(0107594, 'GAV-00306-000', 35, '2014-07-29'),
(0107595, 'GAV-00307-000', 35, '2014-07-29'),
(0107596, 'CAD-02235-000', 35, '2014-07-29'),
(0107597, 'CAD-02236-000', 35, '2014-07-29'),
(0107598, 'CAD-02237-000', 35, '2014-07-29'),
(0107599, 'CAD-02238-000', 35, '2014-07-29'),
(0107600, 'CAD-02239-000', 35, '2014-07-29'),
(0107601, 'CAD-02240-000', 35, '2014-07-29'),
(0107602, 'CAD-02241-000', 35, '2014-07-29'),
(0107603, 'CAD-02242-000', 35, '2014-07-29'),
(0107604, 'CAD-02243-000', 35, '2014-07-29'),
(0107605, 'CAD-02244-000', 35, '2014-07-29'),
(0107606, 'CAD-02245-000', 35, '2014-07-29'),
(0107607, 'CAD-02644-000', 35, '2014-07-29'),
(0107608, 'CAD-02645-000', 35, '2014-07-29'),
(0107609, 'MES-00849-000', 35, '2014-07-29'),
(0107610, 'MES-00850-000', 35, '2014-07-29'),
(0107611, 'MES-00851-000', 35, '2014-07-29'),
(0107612, 'ARM-00667-000', 33, '2014-07-29'),
(0107613, 'MES-00757-000', 35, '2014-07-29'),
(0107614, 'ARM-00668-000', 33, '2014-07-29'),
(0107615, 'MES-00758-000', 35, '2014-07-29'),
(0107616, 'ARM-00669-000', 33, '2014-07-29'),
(0107617, 'ARM-00670-000', 33, '2014-07-29'),
(0107618, 'MES-00759-000', 35, '2014-07-29'),
(0107619, 'MES-00760-000', 35, '2014-07-29'),
(0107620, 'GAV-00297-000', 35, '2014-07-29'),
(0107621, 'ARM-00671-000', 33, '2014-07-29'),
(0107622, 'ARM-00672-000', 33, '2014-07-29'),
(0107623, 'ARM-00673-000', 33, '2014-07-29'),
(0107624, 'ARM-00674-000', 33, '2014-07-29'),
(0107625, 'GAV-00308-000', 33, '2014-07-29'),
(0107626, 'GAV-00309-000', 33, '2014-07-29'),
(0107627, 'GAV-00310-000', 33, '2014-07-29'),
(0107628, 'GAV-00311-000', 33, '2014-07-29'),
(0107629, 'GAV-00312-000', 33, '2014-07-29'),
(0107630, 'GAV-00313-000', 33, '2014-07-29'),
(0107631, 'GAV-00314-000', 33, '2014-07-29'),
(0107632, 'GAV-00315-000', 33, '2014-07-29'),
(0107633, 'GAV-00316-000', 33, '2014-07-29'),
(0107634, 'CAD-02246-000', 33, '2014-07-29'),
(0107635, 'CAD-02247-000', 33, '2014-07-29'),
(0107636, 'CAD-02248-000', 33, '2014-07-29'),
(0107637, 'CAD-02249-000', 33, '2014-07-29'),
(0107638, 'CAD-02250-000', 33, '2014-07-29'),
(0107639, 'CAD-02251-000', 33, '2014-07-29'),
(0107640, 'CAD-02252-000', 33, '2014-07-29'),
(0107641, 'CAD-02253-000', 33, '2014-07-29'),
(0107642, 'CAD-02254-000', 33, '2014-07-29'),
(0107643, 'CAD-02646-000', 33, '2014-07-29'),
(0107644, 'CAD-02647-000', 33, '2014-07-29'),
(0107645, 'CAD-02648-000', 33, '2014-07-29'),
(0107646, 'CAD-02649-000', 33, '2014-07-29'),
(0107647, 'CAD-02650-000', 33, '2014-07-29'),
(0107648, 'CAD-02651-000', 33, '2014-07-29'),
(0107649, 'MES-00830-000', 33, '2014-07-29'),
(0107650, 'MES-00761-000', 33, '2014-07-29'),
(0107651, 'MES-00762-000', 33, '2014-07-29'),
(0107652, 'MES-00763-000', 33, '2014-07-29'),
(0107653, 'MES-00764-000', 33, '2014-07-29'),
(0107654, 'MES-00888-000', 33, '2014-07-29'),
(0107655, 'ARM-00546-000', 32, '2014-07-29'),
(0107656, 'ARM-00547-000', 32, '2014-07-29'),
(0107657, 'ARM-00548-000', 32, '2014-07-29'),
(0107658, 'ARM-00675-000', 32, '2014-07-29'),
(0107659, 'ARM-00676-000', 32, '2014-07-29'),
(0107660, 'ARM-00677-000', 32, '2014-07-29'),
(0107661, 'ARM-00678-000', 32, '2014-07-29'),
(0107662, 'ARM-00679-000', 32, '2014-07-29'),
(0107663, 'ARM-00680-000', 32, '2014-07-29'),
(0107664, 'GAV-00317-000', 32, '2014-07-29'),
(0107665, 'GAV-00318-000', 32, '2014-07-29'),
(0107666, 'GAV-00319-000', 32, '2014-07-29'),
(0107667, 'GAV-00320-000', 32, '2014-07-29'),
(0107975, 'ARM-00757-000', 10, '2014-07-29'),
(0107976, 'ARM-00752-000', 10, '2014-07-29'),
(0107977, 'ARM-00753-000', 10, '2014-07-29'),
(0107978, 'ARM-00758-000', 10, '2014-07-29'),
(0107979, 'ARM-00759-000', 10, '2014-07-29'),
(0107980, 'GAV-00219-000', 10, '2014-07-29'),
(0107981, 'MES-00809-000', 10, '2014-07-29'),
(0107982, 'MES-00866-000', 10, '2014-07-29'),
(0107983, 'MES-00860-000', 10, '2014-07-29'),
(0107984, 'MES-00873-000', 10, '2014-07-29'),
(0107985, 'CAD-02334-000', 10, '2014-07-29'),
(0107986, 'CAD-02127-000', 10, '2014-07-29'),
(0107987, 'CAD-02128-000', 10, '2014-07-29'),
(0107988, 'CAD-02129-000', 10, '2014-07-29'),
(0107989, 'CAD-02130-000', 10, '2014-07-29'),
(0107990, 'CAD-02131-000', 10, '2014-07-29'),
(0107991, 'CAD-02132-000', 10, '2014-07-29'),
(0107992, 'CAD-02133-000', 10, '2014-07-29'),
(0107993, 'CAD-02134-000', 10, '2014-07-29'),
(0107994, 'CAD-02135-000', 10, '2014-07-29'),
(0107995, 'CAD-02136-000', 10, '2014-07-29'),
(0107996, 'CAD-02137-000', 10, '2014-07-29'),
(0107997, 'CAD-02138-000', 10, '2014-07-29'),
(0107998, 'CAD-02139-000', 10, '2014-07-29'),
(0107999, 'CAD-02140-000', 10, '2014-07-29'),
(0108000, 'CAD-02729-000', 10, '2014-07-29'),
(0108001, 'CAD-02730-000', 10, '2014-07-29'),
(0108002, 'ARM-00526-000', 14, '2014-07-29'),
(0108003, 'ARM-00527-000', 14, '2014-07-29'),
(0108004, 'ARM-00528-000', 14, '2014-07-29'),
(0108005, 'ARM-00586-000', 14, '2014-07-29'),
(0108006, 'ARM-00587-000', 14, '2014-07-29'),
(0108007, 'ARM-00588-000', 14, '2014-07-29'),
(0108008, 'GAV-00220-000', 14, '2014-07-29'),
(0108009, 'GAV-00221-000', 14, '2014-07-29'),
(0108010, 'CAD-02141-000', 14, '2014-07-29'),
(0108011, 'CAD-02142-000', 14, '2014-07-29'),
(0108012, 'CAD-02530-000', 14, '2014-07-29'),
(0108013, 'CAD-02531-000', 14, '2014-07-29'),
(0108014, 'CAD-02532-000', 14, '2014-07-29'),
(0108015, 'CAD-02533-000', 14, '2014-07-29'),
(0108016, 'CAD-02731-000', 14, '2014-07-29'),
(0108017, 'CAD-02732-000', 14, '2014-07-29'),
(0108018, 'MES-00836-000', 14, '2014-07-29'),
(0108019, 'MES-00837-000', 14, '2014-07-29'),
(0108020, 'MES-00861-000', 14, '2014-07-29'),
(0108021, 'CAD-02143-000', 13, '2014-07-29'),
(0108022, 'CAD-02144-000', 13, '2014-07-29'),
(0108023, 'CAD-02145-000', 13, '2014-07-29'),
(0108024, 'CAD-02146-000', 13, '2014-07-29'),
(0108025, 'CAD-02147-000', 13, '2014-07-29'),
(0108026, 'CAD-02148-000', 13, '2014-07-29'),
(0108027, 'CAD-02149-000', 13, '2014-07-29'),
(0108028, 'CAD-02150-000', 13, '2014-07-29'),
(0108029, 'CAD-02151-000', 13, '2014-07-29'),
(0108030, 'CAD-02152-000', 13, '2014-07-29'),
(0108031, 'CAD-02153-000', 13, '2014-07-29'),
(0108032, 'CAD-02154-000', 13, '2014-07-29'),
(0108033, 'MES-00874-000', 13, '2014-07-29'),
(0108034, 'ARM-00589-000', 5, '2014-07-29'),
(0108035, 'ARM-00590-000', 5, '2014-07-29'),
(0108036, 'ARM-00591-000', 5, '2014-07-29'),
(0108037, 'ARM-00592-000', 5, '2014-07-29'),
(0108038, 'ARM-00593-000', 5, '2014-07-29'),
(0108039, 'GAV-00222-000', 5, '2014-07-29'),
(0108040, 'GAV-00223-000', 5, '2014-07-29'),
(0108041, 'CAD-02155-000', 5, '2014-07-29'),
(0108042, 'CAD-02156-000', 5, '2014-07-29'),
(0108043, 'CAD-02534-000', 5, '2014-07-29'),
(0108044, 'CAD-02535-000', 5, '2014-07-29'),
(0108045, 'CAD-02536-000', 5, '2014-07-29'),
(0108046, 'CAD-02537-000', 5, '2014-07-29'),
(0108047, 'MES-00814-000', 5, '2014-07-29'),
(0108048, 'MES-00815-000', 5, '2014-07-29'),
(0108049, 'ARM-00594-000', 4, '2014-07-29'),
(0108050, 'ARM-00595-000', 4, '2014-07-29'),
(0108051, 'ARM-00596-000', 4, '2014-07-29'),
(0108052, 'GAV-00224-000', 4, '2014-07-29'),
(0108053, 'GAV-00225-000', 4, '2014-07-29'),
(0108054, 'GAV-00226-000', 4, '2014-07-29'),
(0108055, 'CAD-02157-000', 4, '2014-07-29'),
(0108056, 'CAD-02158-000', 4, '2014-07-29'),
(0108057, 'CAD-02159-000', 4, '2014-07-29'),
(0108058, 'CAD-02538-000', 4, '2014-07-29'),
(0108059, 'CAD-02539-000', 4, '2014-07-29'),
(0108060, 'CAD-02540-000', 4, '2014-07-29'),
(0108061, 'CAD-02541-000', 4, '2014-07-29'),
(0108062, 'CAD-02542-000', 4, '2014-07-29'),
(0108063, 'CAD-02543-000', 4, '2014-07-29'),
(0108064, 'MES-00816-000', 4, '2014-07-29'),
(0108065, 'MES-00817-000', 4, '2014-07-29'),
(0108066, 'MES-00818-000', 4, '2014-07-29'),
(0108067, 'ARM-00529-000', 9, '2014-07-29'),
(0108068, 'ARM-00530-000', 9, '2014-07-29'),
(0108069, 'ARM-00531-000', 9, '2014-07-29'),
(0108070, 'ARM-00597-000', 9, '2014-07-29'),
(0108071, 'GAV-00227-000', 9, '2014-07-29'),
(0108072, 'CAD-02329-000', 9, '2014-07-29'),
(0108073, 'CAD-02544-000', 9, '2014-07-29'),
(0108074, 'CAD-02545-000', 9, '2014-07-29'),
(0108075, 'CAD-02721-000', 3, '2014-07-29'),
(0108076, 'MES-00810-000', 9, '2014-07-29'),
(0108077, 'ARM-00598-000', 8, '2014-07-29'),
(0108078, 'ARM-00599-000', 8, '2014-07-29'),
(0108079, 'ARM-00600-000', 8, '2014-07-29'),
(0108080, 'GAV-00228-000', 8, '2014-07-29'),
(0108081, 'CAD-02330-000', 8, '2014-07-29'),
(0108082, 'CAD-02546-000', 8, '2014-07-29'),
(0108083, 'CAD-02547-000', 8, '2014-07-29'),
(0108084, 'CAD-02722-000', 3, '2014-07-29'),
(0108085, 'MES-00811-000', 8, '2014-07-29'),
(0108086, 'ARM-00601-000', 6, '2014-07-29'),
(0108087, 'ARM-00602-000', 6, '2014-07-29'),
(0108088, 'ARM-00603-000', 6, '2014-07-29'),
(0108089, 'GAV-00229-000', 6, '2014-07-29'),
(0108090, 'CAD-02331-000', 6, '2014-07-29'),
(0108091, 'CAD-02548-000', 6, '2014-07-29'),
(0108092, 'CAD-02549-000', 6, '2014-07-29'),
(0108093, 'CAD-02723-000', 14, '2014-07-29'),
(0108094, 'MES-00812-000', 6, '2014-07-29'),
(0108095, 'ARM-00604-000', 7, '2014-07-29'),
(0108096, 'ARM-00605-000', 7, '2014-07-29'),
(0108097, 'ARM-00606-000', 7, '2014-07-29'),
(0108098, 'GAV-00230-000', 7, '2014-07-29'),
(0108099, 'CAD-02332-000', 7, '2014-07-29'),
(0108100, 'CAD-02550-000', 7, '2014-07-29'),
(0108101, 'CAD-02551-000', 7, '2014-07-29'),
(0108102, 'CAD-02724-000', 14, '2014-07-29'),
(0108103, 'MES-00813-000', 7, '2014-07-29'),
(0108104, 'ARM-00607-000', 11, '2014-07-29'),
(0108105, 'ARM-00608-000', 11, '2014-07-29'),
(0108106, 'ARM-00609-000', 11, '2014-07-29'),
(0108107, 'GAV-00231-000', 11, '2014-07-29'),
(0108108, 'GAV-00232-000', 11, '2014-07-29'),
(0108109, 'GAV-00233-000', 11, '2014-07-29'),
(0108110, 'CAD-02160-000', 11, '2014-07-29'),
(0108111, 'CAD-02161-000', 11, '2014-07-29'),
(0108112, 'CAD-02162-000', 11, '2014-07-29'),
(0108113, 'CAD-02552-000', 11, '2014-07-29'),
(0108114, 'CAD-02553-000', 11, '2014-07-29'),
(0108115, 'CAD-02554-000', 11, '2014-07-29'),
(0108116, 'CAD-02555-000', 11, '2014-07-29'),
(0108117, 'CAD-02556-000', 11, '2014-07-29'),
(0108118, 'CAD-02557-000', 11, '2014-07-29'),
(0108119, 'MES-00842-000', 11, '2014-07-29'),
(0108120, 'MES-00843-000', 11, '2014-07-29'),
(0108121, 'MES-00819-000', 11, '2014-07-29'),
(0108122, 'MES-00879-000', 11, '2014-07-29'),
(0108123, 'GAV-00321-000', 32, '2014-07-29'),
(0108124, 'CAD-02255-000', 32, '2014-07-29'),
(0108125, 'CAD-02256-000', 32, '2014-07-29'),
(0108126, 'CAD-02257-000', 32, '2014-07-29'),
(0108127, 'CAD-02258-000', 32, '2014-07-29'),
(0108128, 'CAD-02259-000', 32, '2014-07-29'),
(0108129, 'CAD-02652-000', 32, '2014-07-29'),
(0108130, 'CAD-02653-000', 32, '2014-07-29'),
(0108131, 'CAD-02654-000', 32, '2014-07-29'),
(0108132, 'CAD-02655-000', 32, '2014-07-29'),
(0108133, 'CAD-02656-000', 32, '2014-07-29'),
(0108134, 'CAD-02657-000', 32, '2014-07-29'),
(0108135, 'MES-00831-000', 32, '2014-07-29'),
(0108136, 'MES-00765-000', 32, '2014-07-29'),
(0108137, 'MES-00766-000', 32, '2014-07-29'),
(0108138, 'MES-00889-000', 32, '2014-07-29'),
(0108139, 'ARM-00549-000', 37, '2014-07-29'),
(0108140, 'ARM-00550-000', 37, '2014-07-29'),
(0108141, 'ARM-00681-000', 37, '2014-07-29'),
(0108142, 'ARM-00682-000', 37, '2014-07-29'),
(0108143, 'ARM-00683-000', 37, '2014-07-29'),
(0108144, 'ARM-00684-000', 37, '2014-07-29'),
(0108145, 'GAV-00322-000', 37, '2014-07-29'),
(0108146, 'GAV-00323-000', 37, '2014-07-29'),
(0108147, 'CAD-02260-000', 37, '2014-07-29'),
(0108148, 'CAD-02261-000', 37, '2014-07-29'),
(0108149, 'CAD-02658-000', 37, '2014-07-29'),
(0108150, 'CAD-02659-000', 37, '2014-07-29'),
(0108151, 'CAD-02660-000', 37, '2014-07-29'),
(0108152, 'CAD-02661-000', 37, '2014-07-29'),
(0108153, 'MES-00852-000', 37, '2014-07-29'),
(0108154, 'MES-00853-000', 37, '2014-07-29'),
(0108155, 'ARM-00551-000', 31, '2014-07-29'),
(0108156, 'ARM-00552-000', 31, '2014-07-29'),
(0108157, 'ARM-00553-000', 31, '2014-07-29'),
(0108158, 'ARM-00554-000', 31, '2014-07-29'),
(0108159, 'ARM-00555-000', 31, '2014-07-29'),
(0108160, 'ARM-00556-000', 31, '2014-07-29'),
(0108161, 'ARM-00557-000', 31, '2014-07-29'),
(0108162, 'ARM-00558-000', 31, '2014-07-29'),
(0108163, 'ARM-00559-000', 31, '2014-07-29'),
(0108164, 'ARM-00685-000', 31, '2014-07-29'),
(0108165, 'ARM-00686-000', 31, '2014-07-29'),
(0108166, 'ARM-00687-000', 31, '2014-07-29'),
(0108167, 'ARM-00688-000', 31, '2014-07-29'),
(0108168, 'GAV-00324-000', 31, '2014-07-29'),
(0108169, 'GAV-00325-000', 31, '2014-07-29'),
(0108170, 'GAV-00326-000', 31, '2014-07-29'),
(0108171, 'GAV-00327-000', 31, '2014-07-29'),
(0108172, 'GAV-00328-000', 31, '2014-07-29'),
(0108173, 'GAV-00329-000', 31, '2014-07-29'),
(0108174, 'GAV-00330-000', 31, '2014-07-29'),
(0108175, 'GAV-00331-000', 31, '2014-07-29'),
(0108176, 'GAV-00332-000', 31, '2014-07-29'),
(0108177, 'CAD-02262-000', 31, '2014-07-29'),
(0108178, 'CAD-02263-000', 31, '2014-07-29'),
(0108179, 'CAD-02264-000', 31, '2014-07-29'),
(0108180, 'CAD-02265-000', 31, '2014-07-29'),
(0108181, 'CAD-02266-000', 31, '2014-07-29'),
(0108182, 'CAD-02267-000', 31, '2014-07-29'),
(0108183, 'CAD-02268-000', 31, '2014-07-29'),
(0108184, 'CAD-02269-000', 31, '2014-07-29'),
(0108185, 'CAD-02270-000', 31, '2014-07-29'),
(0108186, 'CAD-02662-000', 31, '2014-07-29'),
(0108187, 'CAD-02663-000', 31, '2014-07-29'),
(0108188, 'CAD-02664-000', 31, '2014-07-29'),
(0108189, 'CAD-02665-000', 31, '2014-07-29'),
(0108190, 'CAD-02666-000', 31, '2014-07-29'),
(0108191, 'CAD-02667-000', 31, '2014-07-29'),
(0108192, 'MES-00832-000', 31, '2014-07-29'),
(0108193, 'MES-00767-000', 31, '2014-07-29'),
(0108194, 'MES-00768-000', 31, '2014-07-29'),
(0108195, 'MES-00769-000', 31, '2014-07-29'),
(0108196, 'MES-00770-000', 31, '2014-07-29'),
(0108197, 'MES-00890-000', 31, '2014-07-29'),
(0108198, 'ARM-00560-000', 30, '2014-07-29'),
(0108199, 'ARM-00561-000', 30, '2014-07-29'),
(0108200, 'GAV-00333-000', 30, '2014-07-29'),
(0108201, 'GAV-00334-000', 30, '2014-07-29'),
(0108202, 'GAV-00335-000', 30, '2014-07-29'),
(0108203, 'GAV-00336-000', 30, '2014-07-29'),
(0108204, 'CAD-02271-000', 30, '2014-07-29'),
(0108205, 'CAD-02272-000', 30, '2014-07-29'),
(0108206, 'CAD-02273-000', 30, '2014-07-29'),
(0108207, 'CAD-02274-000', 30, '2014-07-29'),
(0108208, 'MES-00771-000', 30, '2014-07-29'),
(0108209, 'MES-00772-000', 30, '2014-07-29'),
(0108210, 'CAD-02668-000', 36, '2014-07-29'),
(0108211, 'CAD-02669-000', 36, '2014-07-29'),
(0108212, 'CAD-02670-000', 36, '2014-07-29'),
(0108213, 'CAD-02671-000', 36, '2014-07-29'),
(0108214, 'CAD-02672-000', 36, '2014-07-29'),
(0108215, 'CAD-02673-000', 36, '2014-07-29'),
(0108216, 'CAD-02674-000', 36, '2014-07-29'),
(0108217, 'CAD-02675-000', 36, '2014-07-29'),
(0108218, 'CAD-02676-000', 36, '2014-07-29'),
(0108219, 'CAD-02677-000', 36, '2014-07-29'),
(0108220, 'ARM-00562-000', 44, '2014-07-29'),
(0108221, 'ARM-00563-000', 44, '2014-07-29'),
(0108222, 'ARM-00564-000', 44, '2014-07-29'),
(0108223, 'ARM-00689-000', 44, '2014-07-29'),
(0108224, 'ARM-00690-000', 44, '2014-07-29'),
(0108225, 'ARM-00691-000', 44, '2014-07-29'),
(0108226, 'ARM-00692-000', 44, '2014-07-29'),
(0108227, 'ARM-00693-000', 44, '2014-07-29'),
(0108228, 'GAV-00337-000', 44, '2014-07-29'),
(0108229, 'GAV-00338-000', 44, '2014-07-29'),
(0108230, 'GAV-00339-000', 44, '2014-07-29'),
(0108231, 'GAV-00340-000', 44, '2014-07-29'),
(0108232, 'GAV-00341-000', 44, '2014-07-29'),
(0108233, 'GAV-00342-000', 44, '2014-07-29'),
(0108234, 'GAV-00343-000', 44, '2014-07-29'),
(0108235, 'GAV-00344-000', 44, '2014-07-29'),
(0108236, 'GAV-00345-000', 44, '2014-07-29'),
(0108237, 'CAD-02275-000', 44, '2014-07-29'),
(0108238, 'CAD-02276-000', 44, '2014-07-29'),
(0108239, 'CAD-02277-000', 44, '2014-07-29'),
(0108240, 'CAD-02278-000', 44, '2014-07-29'),
(0108241, 'CAD-02279-000', 44, '2014-07-29'),
(0108242, 'CAD-02280-000', 44, '2014-07-29'),
(0108243, 'CAD-02281-000', 44, '2014-07-29'),
(0108244, 'CAD-02282-000', 44, '2014-07-29'),
(0108245, 'CAD-02283-000', 44, '2014-07-29'),
(0108246, 'CAD-02678-000', 44, '2014-07-29'),
(0108247, 'CAD-02679-000', 44, '2014-07-29'),
(0108248, 'MES-00854-000', 44, '2014-07-29'),
(0108249, 'MES-00773-000', 44, '2014-07-29'),
(0108250, 'MES-00774-000', 44, '2014-07-29'),
(0108251, 'MES-00775-000', 44, '2014-07-29'),
(0108252, 'MES-00776-000', 44, '2014-07-29'),
(0108253, 'ARM-00565-000', 38, '2014-07-28'),
(0108254, 'ARM-00566-000', 38, '2014-07-28'),
(0108255, 'ARM-00567-000', 38, '2014-07-28'),
(0108256, 'ARM-00568-000', 38, '2014-07-28'),
(0108257, 'ARM-00569-000', 38, '2014-07-28'),
(0108258, 'ARM-00570-000', 38, '2014-07-28'),
(0108259, 'ARM-00694-000', 38, '2014-07-28'),
(0108260, 'ARM-00695-000', 38, '2014-07-28'),
(0108261, 'GAV-00346-000', 38, '2014-07-28'),
(0108262, 'GAV-00347-000', 38, '2014-07-28'),
(0108263, 'GAV-00348-000', 38, '2014-07-28'),
(0108264, 'GAV-00349-000', 38, '2014-07-28'),
(0108265, 'GAV-00350-000', 38, '2014-07-28'),
(0108266, 'GAV-00351-000', 38, '2014-07-28'),
(0108267, 'GAV-00352-000', 38, '2014-07-28'),
(0108268, 'GAV-00353-000', 38, '2014-07-28'),
(0108269, 'GAV-00354-000', 38, '2014-07-28'),
(0108270, 'CAD-02284-000', 38, '2014-07-28'),
(0108271, 'CAD-02285-000', 38, '2014-07-28'),
(0108272, 'CAD-02286-000', 38, '2014-07-28'),
(0108273, 'CAD-02287-000', 38, '2014-07-28'),
(0108274, 'CAD-02288-000', 38, '2014-07-28'),
(0108275, 'CAD-02289-000', 38, '2014-07-28'),
(0108276, 'CAD-02290-000', 38, '2014-07-28'),
(0108277, 'CAD-02291-000', 38, '2014-07-28'),
(0108278, 'CAD-02292-000', 38, '2014-07-28'),
(0108279, 'MES-00855-000', 38, '2014-07-28'),
(0108280, 'MES-00777-000', 38, '2014-07-28'),
(0108281, 'MES-00778-000', 38, '2014-07-28'),
(0108282, 'MES-00779-000', 38, '2014-07-28'),
(0108283, 'MES-00780-000', 38, '2014-07-28'),
(0108284, 'CAD-02680-000', 38, '2014-07-28'),
(0108285, 'CAD-02681-000', 38, '2014-07-28'),
(0108286, 'ARM-00697-000', 41, '2014-07-29'),
(0108287, 'ARM-00698-000', 41, '2014-07-29'),
(0108288, 'ARM-00699-000', 41, '2014-07-29'),
(0108289, 'ARM-00700-000', 41, '2014-07-29'),
(0108290, 'ARM-00701-000', 41, '2014-07-29'),
(0108291, 'ARM-00702-000', 41, '2014-07-29'),
(0108292, 'ARM-00703-000', 41, '2014-07-29'),
(0108293, 'ARM-00704-000', 41, '2014-07-29'),
(0108294, 'ARM-00705-000', 41, '2014-07-29'),
(0108295, 'GAV-00356-000', 41, '2014-07-29'),
(0108296, 'GAV-00357-000', 41, '2014-07-29'),
(0108297, 'GAV-00358-000', 41, '2014-07-29'),
(0108298, 'GAV-00359-000', 41, '2014-07-29'),
(0108299, 'GAV-00360-000', 41, '2014-07-29'),
(0108300, 'GAV-00361-000', 41, '2014-07-29'),
(0108301, 'GAV-00362-000', 41, '2014-07-29'),
(0108302, 'GAV-00363-000', 41, '2014-07-29'),
(0108303, 'GAV-00364-000', 41, '2014-07-29'),
(0108304, 'CAD-02293-000', 41, '2014-07-29'),
(0108305, 'CAD-02294-000', 41, '2014-07-29'),
(0108306, 'CAD-02295-000', 41, '2014-07-29'),
(0108307, 'CAD-02296-000', 41, '2014-07-29'),
(0108308, 'CAD-02297-000', 41, '2014-07-29'),
(0108309, 'CAD-02298-000', 41, '2014-07-29'),
(0108310, 'CAD-02299-000', 41, '2014-07-29'),
(0108311, 'CAD-02300-000', 41, '2014-07-29'),
(0108312, 'CAD-02301-000', 41, '2014-07-29'),
(0108313, 'CAD-02682-000', 41, '2014-07-29'),
(0108314, 'CAD-02683-000', 41, '2014-07-29'),
(0108315, 'MES-00834-000', 41, '2014-07-29'),
(0108316, 'MES-00781-000', 41, '2014-07-29'),
(0108317, 'MES-00782-000', 41, '2014-07-29'),
(0108318, 'MES-00783-000', 41, '2014-07-29'),
(0108319, 'MES-00784-000', 41, '2014-07-29'),
(0108320, 'ARM-00706-000', 43, '2014-07-29'),
(0108321, 'ARM-00707-000', 43, '2014-07-29'),
(0108322, 'ARM-00708-000', 43, '2014-07-29'),
(0108323, 'GAV-00365-000', 43, '2014-07-29'),
(0108324, 'GAV-00366-000', 43, '2014-07-29'),
(0108325, 'GAV-00367-000', 43, '2014-07-29'),
(0108326, 'GAV-00368-000', 43, '2014-07-29'),
(0108327, 'GAV-00369-000', 43, '2014-07-29'),
(0108328, 'CAD-02302-000', 43, '2014-07-29'),
(0108329, 'CAD-02303-000', 43, '2014-07-29'),
(0108330, 'CAD-02304-000', 43, '2014-07-29'),
(0108331, 'CAD-02305-000', 43, '2014-07-29'),
(0108332, 'CAD-02306-000', 43, '2014-07-29'),
(0108333, 'CAD-02684-000', 43, '2014-07-29'),
(0108334, 'CAD-02685-000', 43, '2014-07-29'),
(0108335, 'MES-00856-000', 43, '2014-07-29'),
(0108336, 'MES-00785-000', 43, '2014-07-29'),
(0108337, 'MES-00786-000', 43, '2014-07-29'),
(0108338, 'ARM-00571-000', 42, '2014-07-29'),
(0108339, 'ARM-00572-000', 42, '2014-07-29'),
(0108340, 'ARM-00709-000', 42, '2014-07-29'),
(0108341, 'GAV-00370-000', 42, '2014-07-29'),
(0108342, 'GAV-00371-000', 42, '2014-07-29'),
(0108343, 'GAV-00372-000', 42, '2014-07-29'),
(0108344, 'GAV-00373-000', 42, '2014-07-29'),
(0108345, 'GAV-00374-000', 42, '2014-07-29'),
(0108346, 'CAD-02307-000', 42, '2014-07-29'),
(0108347, 'CAD-02308-000', 42, '2014-07-29'),
(0108348, 'CAD-02309-000', 42, '2014-07-29'),
(0108349, 'CAD-02310-000', 42, '2014-07-29'),
(0108350, 'CAD-02311-000', 42, '2014-07-29'),
(0108351, 'CAD-02686-000', 42, '2014-07-29'),
(0108352, 'CAD-02687-000', 42, '2014-07-29'),
(0108353, 'MES-00787-000', 42, '2014-07-29'),
(0108354, 'MES-00788-000', 42, '2014-07-29'),
(0108355, 'GAV-00375-000', 40, '2014-07-29'),
(0108356, 'GAV-00376-000', 40, '2014-07-29'),
(0108357, 'GAV-00377-000', 40, '2014-07-29'),
(0108358, 'CAD-02312-000', 40, '2014-07-29'),
(0108359, 'CAD-02313-000', 40, '2014-07-29'),
(0108360, 'CAD-02314-000', 40, '2014-07-29'),
(0108361, 'CAD-02688-000', 40, '2014-07-29'),
(0108362, 'CAD-02689-000', 40, '2014-07-29'),
(0108363, 'CAD-02690-000', 40, '2014-07-29'),
(0108364, 'CAD-02691-000', 40, '2014-07-29'),
(0108365, 'CAD-02692-000', 40, '2014-07-29'),
(0108366, 'CAD-02693-000', 40, '2014-07-29'),
(0108367, 'MES-00835-000', 40, '2014-07-29'),
(0108368, 'MES-00789-000', 40, '2014-07-29'),
(0108369, 'MES-00891-000', 40, '2014-07-29'),
(0108370, 'GAV-00378-000', 39, '2014-07-29'),
(0108371, 'GAV-00379-000', 39, '2014-07-29'),
(0108372, 'GAV-00380-000', 39, '2014-07-29'),
(0108373, 'GAV-00381-000', 39, '2014-07-29'),
(0108374, 'GAV-00382-000', 39, '2014-07-29'),
(0108375, 'GAV-00383-000', 39, '2014-07-29'),
(0108376, 'GAV-00384-000', 39, '2014-07-29'),
(0108377, 'GAV-00385-000', 39, '2014-07-29'),
(0108378, 'CAD-02315-000', 39, '2014-07-29'),
(0108379, 'CAD-02316-000', 39, '2014-07-29'),
(0108380, 'CAD-02317-000', 39, '2014-07-29'),
(0108381, 'CAD-02318-000', 39, '2014-07-29'),
(0108382, 'CAD-02319-000', 39, '2014-07-29'),
(0108383, 'CAD-02320-000', 39, '2014-07-29'),
(0108384, 'CAD-02321-000', 39, '2014-07-29'),
(0108385, 'CAD-02322-000', 39, '2014-07-29'),
(0108386, 'CAD-02694-000', 39, '2014-07-29'),
(0108387, 'CAD-02695-000', 39, '2014-07-29'),
(0108388, 'CAD-02696-000', 39, '2014-07-29'),
(0108389, 'CAD-02697-000', 39, '2014-07-29'),
(0108390, 'CAD-02698-000', 39, '2014-07-29'),
(0108391, 'CAD-02699-000', 39, '2014-07-29'),
(0108392, 'CAD-02700-000', 39, '2014-07-29'),
(0108393, 'CAD-02701-000', 39, '2014-07-29'),
(0108394, 'CAD-02702-000', 39, '2014-07-29'),
(0108395, 'CAD-02703-000', 39, '2014-07-29'),
(0108396, 'CAD-02704-000', 39, '2014-07-29'),
(0108397, 'CAD-02705-000', 39, '2014-07-29'),
(0108398, 'CAD-02706-000', 39, '2014-07-29'),
(0108399, 'CAD-02707-000', 39, '2014-07-29'),
(0108400, 'CAD-02323-000', 39, '2014-07-29'),
(0108401, 'MES-00790-000', 39, '2014-07-29'),
(0108402, 'MES-00791-000', 39, '2014-07-29'),
(0108403, 'MES-00792-000', 39, '2014-07-29'),
(0108404, 'MES-00793-000', 39, '2014-07-29'),
(0108405, 'MES-00892-000', 39, '2014-07-29'),
(0108406, 'MES-00878-000', 39, '2014-07-29'),
(0108407, 'ARM-00710-000', 45, '2014-07-29'),
(0108408, 'ARM-00711-000', 45, '2014-07-29'),
(0108409, 'GAV-00386-000', 45, '2014-07-29'),
(0108410, 'CAD-02324-000', 45, '2014-07-29'),
(0108411, 'CAD-02527-000', 45, '2014-07-29'),
(0108412, 'MES-00800-000', 45, '2014-07-29'),
(0108413, 'CAD-02335-000', 46, '2014-07-29'),
(0108414, 'CAD-02336-000', 46, '2014-07-29'),
(0108415, 'CAD-02337-000', 46, '2014-07-29'),
(0108416, 'CAD-02338-000', 46, '2014-07-29'),
(0108417, 'CAD-02339-000', 46, '2014-07-29'),
(0108418, 'CAD-02340-000', 46, '2014-07-29'),
(0108419, 'CAD-02341-000', 46, '2014-07-29'),
(0108420, 'CAD-02342-000', 46, '2014-07-29'),
(0108421, 'CAD-02343-000', 46, '2014-07-29'),
(0108422, 'CAD-02344-000', 46, '2014-07-29'),
(0108423, 'CAD-02345-000', 46, '2014-07-29'),
(0108424, 'CAD-02346-000', 46, '2014-07-29'),
(0108425, 'CAD-02347-000', 46, '2014-07-29'),
(0108426, 'CAD-02348-000', 46, '2014-07-29'),
(0108427, 'CAD-02349-000', 46, '2014-07-29'),
(0108428, 'CAD-02350-000', 46, '2014-07-29'),
(0108429, 'CAD-02351-000', 46, '2014-07-29'),
(0108430, 'CAD-02352-000', 46, '2014-07-29'),
(0108431, 'CAD-02353-000', 46, '2014-07-29'),
(0108432, 'CAD-02354-000', 46, '2014-07-29'),
(0108433, 'CAD-02355-000', 46, '2014-07-29'),
(0108434, 'CAD-02356-000', 46, '2014-07-29'),
(0108435, 'CAD-02357-000', 46, '2014-07-29'),
(0108436, 'CAD-02358-000', 46, '2014-07-29'),
(0108437, 'CAD-02359-000', 46, '2014-07-29'),
(0108438, 'CAD-02360-000', 46, '2014-07-29'),
(0108439, 'CAD-02361-000', 46, '2014-07-29'),
(0108440, 'CAD-02362-000', 46, '2014-07-29'),
(0108441, 'CAD-02363-000', 46, '2014-07-29'),
(0108442, 'CAD-02364-000', 46, '2014-07-29'),
(0108443, 'CAD-02365-000', 46, '2014-07-29'),
(0108444, 'CAD-02366-000', 46, '2014-07-29'),
(0108445, 'CAD-02367-000', 46, '2014-07-29'),
(0108446, 'CAD-02368-000', 46, '2014-07-29'),
(0108447, 'CAD-02369-000', 46, '2014-07-29'),
(0108448, 'CAD-02370-000', 46, '2014-07-29'),
(0108449, 'CAD-02371-000', 46, '2014-07-29'),
(0108450, 'CAD-02372-000', 46, '2014-07-29'),
(0108451, 'CAD-02373-000', 46, '2014-07-29'),
(0108452, 'CAD-02374-000', 46, '2014-07-29'),
(0108453, 'CAD-02375-000', 46, '2014-07-29'),
(0108454, 'CAD-02376-000', 46, '2014-07-29'),
(0108455, 'CAD-02377-000', 46, '2014-07-29'),
(0108456, 'CAD-02378-000', 46, '2014-07-29'),
(0108457, 'CAD-02379-000', 46, '2014-07-29'),
(0108458, 'CAD-02380-000', 46, '2014-07-29'),
(0108459, 'CAD-02381-000', 46, '2014-07-29'),
(0108460, 'CAD-02382-000', 46, '2014-07-29'),
(0108461, 'CAD-02383-000', 46, '2014-07-29'),
(0108462, 'CAD-02384-000', 46, '2014-07-29'),
(0108463, 'CAD-02385-000', 46, '2014-07-29'),
(0108464, 'CAD-02386-000', 46, '2014-07-29'),
(0108465, 'CAD-02387-000', 46, '2014-07-29'),
(0108466, 'CAD-02388-000', 46, '2014-07-29'),
(0108467, 'CAD-02389-000', 46, '2014-07-29'),
(0108468, 'CAD-02390-000', 46, '2014-07-29'),
(0108469, 'CAD-02391-000', 46, '2014-07-29'),
(0108470, 'CAD-02392-000', 46, '2014-07-29'),
(0108471, 'CAD-02393-000', 46, '2014-07-29'),
(0108472, 'CAD-02394-000', 46, '2014-07-29'),
(0108473, 'CAD-02395-000', 46, '2014-07-29'),
(0108474, 'CAD-02396-000', 46, '2014-07-29'),
(0108475, 'CAD-02397-000', 46, '2014-07-29'),
(0108476, 'CAD-02398-000', 46, '2014-07-29'),
(0108477, 'CAD-02399-000', 46, '2014-07-29'),
(0108478, 'CAD-02400-000', 46, '2014-07-29'),
(0108479, 'CAD-02401-000', 46, '2014-07-29'),
(0108480, 'CAD-02402-000', 46, '2014-07-29'),
(0108481, 'CAD-02403-000', 46, '2014-07-29'),
(0108482, 'CAD-02404-000', 46, '2014-07-29'),
(0108483, 'CAD-02405-000', 46, '2014-07-29'),
(0108484, 'CAD-02406-000', 46, '2014-07-29'),
(0108485, 'CAD-02407-000', 46, '2014-07-29'),
(0108486, 'CAD-02408-000', 46, '2014-07-29'),
(0108487, 'CAD-02409-000', 46, '2014-07-29'),
(0108488, 'CAD-02410-000', 46, '2014-07-29'),
(0108489, 'CAD-02411-000', 46, '2014-07-29'),
(0108490, 'CAD-02412-000', 46, '2014-07-29'),
(0108491, 'CAD-02413-000', 46, '2014-07-29'),
(0108492, 'CAD-02414-000', 46, '2014-07-29'),
(0108493, 'CAD-02415-000', 46, '2014-07-29'),
(0108494, 'CAD-02416-000', 46, '2014-07-29'),
(0108495, 'CAD-02417-000', 46, '2014-07-29'),
(0108496, 'CAD-02418-000', 46, '2014-07-29'),
(0108497, 'CAD-02419-000', 46, '2014-07-29'),
(0108498, 'CAD-02420-000', 46, '2014-07-29'),
(0108499, 'CAD-02421-000', 46, '2014-07-29'),
(0108500, 'CAD-02422-000', 46, '2014-07-29'),
(0108501, 'CAD-02423-000', 46, '2014-07-29'),
(0108502, 'CAD-02424-000', 46, '2014-07-29'),
(0108503, 'CAD-02425-000', 46, '2014-07-29'),
(0108504, 'CAD-02426-000', 46, '2014-07-29'),
(0108505, 'CAD-02427-000', 46, '2014-07-29'),
(0108506, 'CAD-02428-000', 46, '2014-07-29'),
(0108507, 'CAD-02429-000', 46, '2014-07-29'),
(0108508, 'CAD-02430-000', 46, '2014-07-29'),
(0108509, 'CAD-02431-000', 46, '2014-07-29'),
(0108510, 'CAD-02432-000', 46, '2014-07-29'),
(0108511, 'CAD-02433-000', 46, '2014-07-29'),
(0108512, 'CAD-02434-000', 46, '2014-07-29'),
(0108513, 'CAD-02435-000', 46, '2014-07-29'),
(0108514, 'CAD-02436-000', 46, '2014-07-29'),
(0108515, 'CAD-02437-000', 46, '2014-07-29'),
(0108516, 'CAD-02438-000', 46, '2014-07-29'),
(0108517, 'CAD-02439-000', 46, '2014-07-29'),
(0108518, 'CAD-02440-000', 46, '2014-07-29'),
(0108519, 'CAD-02441-000', 46, '2014-07-29'),
(0108520, 'CAD-02442-000', 46, '2014-07-29'),
(0108521, 'CAD-02443-000', 46, '2014-07-29'),
(0108522, 'CAD-02444-000', 46, '2014-07-29'),
(0108523, 'CAD-02445-000', 46, '2014-07-29'),
(0108524, 'CAD-02446-000', 46, '2014-07-29'),
(0108525, 'CAD-02447-000', 46, '2014-07-29'),
(0108526, 'CAD-02448-000', 46, '2014-07-29'),
(0108527, 'CAD-02449-000', 46, '2014-07-29'),
(0108528, 'CAD-02450-000', 46, '2014-07-29'),
(0108529, 'CAD-02451-000', 46, '2014-07-29'),
(0108530, 'CAD-02452-000', 46, '2014-07-29'),
(0108531, 'CAD-02453-000', 46, '2014-07-29'),
(0108532, 'CAD-02454-000', 46, '2014-07-29'),
(0108533, 'CAD-02455-000', 46, '2014-07-29'),
(0108534, 'CAD-02456-000', 46, '2014-07-29'),
(0108535, 'CAD-02457-000', 46, '2014-07-29'),
(0108536, 'CAD-02458-000', 46, '2014-07-29'),
(0108537, 'CAD-02459-000', 46, '2014-07-29'),
(0108538, 'CAD-02460-000', 46, '2014-07-29'),
(0108539, 'CAD-02461-000', 46, '2014-07-29'),
(0108540, 'CAD-02462-000', 46, '2014-07-29'),
(0108541, 'CAD-02463-000', 46, '2014-07-29'),
(0108542, 'CAD-02464-000', 46, '2014-07-29'),
(0108543, 'CAD-02465-000', 46, '2014-07-29'),
(0108544, 'CAD-02466-000', 46, '2014-07-29'),
(0108545, 'CAD-02467-000', 46, '2014-07-29'),
(0108546, 'CAD-02468-000', 46, '2014-07-29'),
(0108547, 'CAD-02469-000', 46, '2014-07-29'),
(0108548, 'CAD-02470-000', 46, '2014-07-29'),
(0108549, 'CAD-02471-000', 46, '2014-07-29'),
(0108550, 'CAD-02472-000', 46, '2014-07-29'),
(0108551, 'CAD-02473-000', 46, '2014-07-29'),
(0108552, 'CAD-02474-000', 46, '2014-07-29'),
(0108553, 'CAD-02475-000', 46, '2014-07-29'),
(0108554, 'CAD-02476-000', 46, '2014-07-29'),
(0108555, 'CAD-02477-000', 46, '2014-07-29'),
(0108556, 'CAD-02478-000', 46, '2014-07-29'),
(0108557, 'CAD-02479-000', 46, '2014-07-29'),
(0108558, 'CAD-02480-000', 46, '2014-07-29'),
(0108559, 'CAD-02481-000', 46, '2014-07-29'),
(0108560, 'CAD-02482-000', 46, '2014-07-29'),
(0108561, 'CAD-02483-000', 46, '2014-07-29'),
(0108562, 'CAD-02484-000', 46, '2014-07-29'),
(0108563, 'CAD-02485-000', 46, '2014-07-29'),
(0108564, 'CAD-02486-000', 46, '2014-07-29'),
(0108565, 'CAD-02487-000', 46, '2014-07-29'),
(0108566, 'CAD-02488-000', 46, '2014-07-29'),
(0108567, 'CAD-02489-000', 46, '2014-07-29'),
(0108568, 'CAD-02490-000', 46, '2014-07-29'),
(0108569, 'CAD-02491-000', 46, '2014-07-29'),
(0109021, 'CAD-02492-000', 46, '2014-07-29'),
(0109022, 'CAD-02493-000', 46, '2014-07-29'),
(0109023, 'CAD-02494-000', 46, '2014-07-29'),
(0109024, 'CAD-02495-000', 46, '2014-07-29'),
(0109025, 'CAD-02496-000', 46, '2014-07-29'),
(0109026, 'CAD-02497-000', 46, '2014-07-29'),
(0109027, 'CAD-02498-000', 46, '2014-07-29'),
(0109028, 'CAD-02499-000', 46, '2014-07-29'),
(0109029, 'CAD-02500-000', 46, '2014-07-29'),
(0109030, 'CAD-02501-000', 46, '2014-07-29'),
(0109031, 'CAD-02502-000', 46, '2014-07-29'),
(0109032, 'CAD-02503-000', 46, '2014-07-29'),
(0109033, 'CAD-02504-000', 46, '2014-07-29'),
(0109034, 'CAD-02505-000', 46, '2014-07-29'),
(0109035, 'CAD-02506-000', 46, '2014-07-29'),
(0109036, 'CAD-02507-000', 46, '2014-07-29'),
(0109037, 'CAD-02508-000', 46, '2014-07-29'),
(0109038, 'CAD-02509-000', 46, '2014-07-29'),
(0109039, 'CAD-02510-000', 46, '2014-07-29'),
(0109040, 'CAD-02511-000', 46, '2014-07-29'),
(0109041, 'CAD-02512-000', 46, '2014-07-29'),
(0109042, 'CAD-02513-000', 46, '2014-07-29'),
(0109043, 'CAD-02514-000', 46, '2014-07-29'),
(0109044, 'CAD-02515-000', 46, '2014-07-29'),
(0109045, 'CAD-02516-000', 46, '2014-07-29'),
(0109046, 'CAD-02517-000', 46, '2014-07-29'),
(0109047, 'CAD-02518-000', 46, '2014-07-29'),
(0109048, 'CAD-02519-000', 46, '2014-07-29'),
(0109049, 'CAD-02520-000', 46, '2014-07-29'),
(0109050, 'CAD-02521-000', 46, '2014-07-29'),
(0109051, 'CAD-02522-000', 46, '2014-07-29'),
(0109052, 'CAD-02523-000', 46, '2014-07-29'),
(0109053, 'CAD-02524-000', 46, '2014-07-29'),
(0109054, 'CAD-02525-000', 46, '2014-07-29'),
(0109055, 'CAD-02526-000', 46, '2014-07-29'),
(0109056, 'ARM-00573-000', 46, '2014-07-29'),
(0109057, 'ARM-00574-000', 46, '2014-07-29'),
(0109058, 'ARM-00575-000', 46, '2014-07-29'),
(0109059, 'ARM-00576-000', 46, '2014-07-29'),
(0109060, 'ARM-00577-000', 46, '2014-07-29'),
(0109061, 'ARM-00578-000', 46, '2014-07-29'),
(0109062, 'ARM-00579-000', 46, '2014-07-29'),
(0109063, 'ARM-00580-000', 46, '2014-07-29'),
(0109064, 'ARM-00581-000', 46, '2014-07-29'),
(0109065, 'ARM-00582-000', 46, '2014-07-29'),
(0109066, 'ARM-00583-000', 46, '2014-07-29'),
(0109067, 'ARM-00712-000', 46, '2014-07-29'),
(0109068, 'ARM-00713-000', 46, '2014-07-29'),
(0109069, 'ARM-00714-000', 46, '2014-07-29'),
(0109070, 'ARM-00715-000', 46, '2014-07-29'),
(0109071, 'ARM-00716-000', 46, '2014-07-29'),
(0109072, 'ARM-00717-000', 46, '2014-07-29'),
(0109073, 'ARM-00718-000', 46, '2014-07-29'),
(0109074, 'ARM-00719-000', 46, '2014-07-29'),
(0109075, 'ARM-00720-000', 46, '2014-07-29'),
(0109076, 'ARM-00721-000', 46, '2014-07-29'),
(0109077, 'ARM-00722-000', 46, '2014-07-29'),
(0109078, 'ARM-00723-000', 46, '2014-07-29'),
(0109079, 'ARM-00724-000', 46, '2014-07-29'),
(0109080, 'ARM-00725-000', 46, '2014-07-29'),
(0109081, 'ARM-00726-000', 46, '2014-07-29'),
(0109082, 'ARM-00727-000', 46, '2014-07-29'),
(0109083, 'ARM-00728-000', 46, '2014-07-29'),
(0109084, 'ARM-00729-000', 46, '2014-07-29'),
(0109085, 'ARM-00730-000', 46, '2014-07-29'),
(0109086, 'ARM-00731-000', 46, '2014-07-29'),
(0109087, 'ARM-00732-000', 46, '2014-07-29'),
(0109088, 'ARM-00733-000', 46, '2014-07-29'),
(0109089, 'ARM-00734-000', 46, '2014-07-29'),
(0109090, 'ARM-00735-000', 46, '2014-07-29'),
(0109091, 'ARM-00736-000', 46, '2014-07-29'),
(0109092, 'ARM-00737-000', 46, '2014-07-29'),
(0109093, 'ARM-00738-000', 46, '2014-07-29'),
(0109094, 'ARM-00739-000', 46, '2014-07-29'),
(0109095, 'ARM-00740-000', 46, '2014-07-29'),
(0109096, 'ARM-00741-000', 46, '2014-07-29'),
(0109097, 'ARM-00742-000', 46, '2014-07-29'),
(0109098, 'ARM-00743-000', 46, '2014-07-29'),
(0109099, 'ARM-00744-000', 46, '2014-07-29'),
(0109100, 'ARM-00745-000', 46, '2014-07-29'),
(0109101, 'ARM-00746-000', 46, '2014-07-29'),
(0109102, 'ARM-00747-000', 46, '2014-07-29'),
(0109103, 'GAV-00387-000', 46, '2014-07-29'),
(0109104, 'GAV-00388-000', 46, '2014-07-29'),
(0109105, 'GAV-00247-000', 46, '2014-07-29'),
(0109106, 'MES-00801-000', 46, '2014-07-29'),
(0109107, 'MES-00802-000', 46, '2014-07-29'),
(0109108, 'MES-00805-000', 46, '2014-07-29'),
(0109109, 'MES-00806-000', 46, '2014-07-29'),
(0109110, 'MES-00807-000', 46, '2014-07-29'),
(0109111, 'MES-00808-000', 46, '2014-07-29'),
(0109112, 'MES-00858-000', 46, '2014-07-29'),
(0109113, 'MES-00859-000', 46, '2014-07-29'),
(0109114, 'MUD-01047-000', 47, '2014-07-29'),
(0109115, 'MUD-01048-000', 47, '2014-07-29'),
(0109116, 'MES-00736-000', 46, '2014-07-29'),
(0109117, 'CAD-02708-000', 46, '2014-07-29'),
(0109118, 'CAD-02709-000', 46, '2014-07-29'),
(0109119, 'CAD-02710-000', 46, '2014-07-29'),
(0109120, 'CAD-02711-000', 46, '2014-07-29');
INSERT INTO `tombamento` (`plaqueta`, `bem`, `sala`, `data`) VALUES
(0109121, 'CAD-02712-000', 46, '2014-07-29'),
(0109122, 'CAD-02713-000', 46, '2014-07-29'),
(0109123, 'CAD-02714-000', 46, '2014-07-29'),
(0109124, 'CAD-02325-000', 46, '2014-07-29'),
(0109125, 'CAD-02528-000', 46, '2014-07-29'),
(0109126, 'MES-00868-000', 47, '2014-07-29'),
(0109127, 'MES-00869-000', 47, '2014-07-29'),
(0109128, 'MES-00870-000', 47, '2014-07-29'),
(0109129, 'MES-00871-000', 47, '2014-07-29'),
(0109130, 'MES-00872-000', 47, '2014-07-29'),
(0109131, 'MES-00864-000', 3, '2014-07-29'),
(0109132, 'MES-00865-000', 14, '2014-07-29'),
(0109133, 'CAD-02737-000', 47, '2014-07-29'),
(0109134, 'CAD-02738-000', 47, '2014-07-29'),
(0109135, 'CAD-02739-000', 47, '2014-07-29');

-- --------------------------------------------------------

--
-- Stand-in structure for view `tombamento_view`
--
CREATE TABLE IF NOT EXISTS `tombamento_view` (
`data` date
,`sala` varchar(45)
,`andar` varchar(45)
,`plaqueta` int(7) unsigned zerofill
,`sapiens` varchar(13)
);
-- --------------------------------------------------------

--
-- Structure for view `tombamento_view`
--
DROP TABLE IF EXISTS `tombamento_view`;

CREATE ALGORITHM=UNDEFINED DEFINER=`neto`@`%` SQL SECURITY DEFINER VIEW `tombamento_view` AS select `tombamento`.`data` AS `data`,`sala`.`sala` AS `sala`,`andar`.`andar` AS `andar`,`tombamento`.`plaqueta` AS `plaqueta`,`bem`.`sapiens` AS `sapiens` from (((`tombamento` join `sala` on((`sala`.`id` = `tombamento`.`sala`))) join `andar` on((`sala`.`andar` = `andar`.`id`))) join `bem` on((`bem`.`sapiens` = `tombamento`.`bem`))) order by `andar`.`andar` limit 0,9999;

--
-- Constraints for dumped tables
--

--
-- Limitadores para a tabela `sala`
--
ALTER TABLE `sala`
  ADD CONSTRAINT `fk_andar_sala` FOREIGN KEY (`andar`) REFERENCES `andar` (`id`);

--
-- Limitadores para a tabela `tombamento`
--
ALTER TABLE `tombamento`
  ADD CONSTRAINT `fk_bem_tombamento` FOREIGN KEY (`bem`) REFERENCES `bem` (`sapiens`),
  ADD CONSTRAINT `fk_sala_tombamento` FOREIGN KEY (`sala`) REFERENCES `sala` (`id`);

/*!40101 SET CHARACTER_SET_CLIENT=@OLD_CHARACTER_SET_CLIENT */;
/*!40101 SET CHARACTER_SET_RESULTS=@OLD_CHARACTER_SET_RESULTS */;
/*!40101 SET COLLATION_CONNECTION=@OLD_COLLATION_CONNECTION */;
